sinco_code,title,slug,category,category_es,division_es,jobs,median_income_monthly,median_income_hourly,median_hours_weekly,education_mode,pct_professional,formality_rate,health_insurance_rate
4211,"Empleados de ventas, despachadores y dependientes en comercios",sinco-4211,sales,Comerciantes y ventas,"Comerciantes, empleados en ventas y agentes de ventas",3669337,6450,33.3,48.0,Preparatoria,18.4,36.4,36.8
4111,Comerciantes en establecimientos,sinco-4111,sales,Comerciantes y ventas,"Comerciantes, empleados en ventas y agentes de ventas",3008469,6020,34.3,48.0,Secundaria,16.7,25.7,0.0
9111,Trabajadores de apoyo en actividades agrícolas,sinco-9111,elementary-support,Actividades elementales,Trabajadores en actividades elementales y de apoyo,2128517,5160,33.3,36.0,Primaria,2.2,4.7,4.6
9611,Trabajadores domésticos,sinco-9611,elementary-support,Actividades elementales,Trabajadores en actividades elementales y de apoyo,1988467,4515,41.7,30.0,Secundaria,1.6,4.2,4.3
6111,Trabajadores en el cultivo de maíz y/o frijol,sinco-6111,agriculture,Agropecuario y pesca,"Trabajadores en actividades agrícolas, ganaderas, forestales, caza y pesca",1758759,1666,10.8,36.0,Primaria,1.4,9.3,0.6
7121,"Albañiles, mamposteros y afines",sinco-7121,crafts-trades,Artesanos y oficios,Trabajadores artesanales,1641877,10750,56.5,46.0,Primaria,2.6,8.9,8.3
9221,Trabajadores de apoyo en la construcción,sinco-9221,elementary-support,Actividades elementales,Trabajadores en actividades elementales y de apoyo,1515517,7740,37.8,48.0,Secundaria,2.3,6.3,6.3
8341,"Conductores de camiones, camionetas y automóviles de carga",sinco-8341,operators-drivers,Operadores y conductores,"Operadores de maquinaria industrial, ensambladores, choferes y conductores de transporte",1296185,11000,52.1,50.0,Secundaria,7.8,63.4,62.3
8342,"Conductores de autobuses, camiones, camionetas, taxis y automóviles de pasajeros",sinco-8342,operators-drivers,Operadores y conductores,"Operadores de maquinaria industrial, ensambladores, choferes y conductores de transporte",1282778,10320,41.7,56.0,Secundaria,12.3,28.6,16.2
9621,Barrenderos y trabajadores de limpieza (excepto en hoteles y restaurantes),sinco-9621,elementary-support,Actividades elementales,Trabajadores en actividades elementales y de apoyo,1140250,7400,41.7,40.0,Secundaria,6.5,68.2,68.9
3115,Trabajadores de apoyo en actividades administrativas diversas,sinco-3115,administrative-support,Auxiliares administrativos,Trabajadores auxiliares en actividades administrativas,1072311,11200,62.5,40.0,Profesional (licenciatura),64.2,83.6,84.2
5114,"Taqueros y preparadores de comida rápida, antojitos, pizzas, hot dogs, jugos, café, etcétera",sinco-5114,personal-services,Servicios personales y vigilancia,Trabajadores en servicios personales y vigilancia,1042160,6450,41.7,42.0,Secundaria,12.3,17.5,9.4
7513,"Trabajadores en la elaboración de pan, tortilla, repostería, y otros productos de cereales y harinas",sinco-7513,crafts-trades,Artesanos y oficios,Trabajadores artesanales,881358,5160,39.6,36.0,Secundaria,8.6,12.8,8.1
5313,Vigilantes y guardias en establecimientos,sinco-5313,personal-services,Servicios personales y vigilancia,Trabajadores en servicios personales y vigilancia,875547,8600,35.9,60.0,Secundaria,11.0,79.5,80.3
9521,Preparadores y vendedores ambulantes de alimentos,sinco-9521,elementary-support,Actividades elementales,Trabajadores en actividades elementales y de apoyo,809847,5160,40.0,30.0,Secundaria,5.8,1.7,0.3
3121,"Cajeros, taquilleros, receptores de apuestas y similares",sinco-3121,administrative-support,Auxiliares administrativos,Trabajadores auxiliares en actividades administrativas,697307,8000,40.7,48.0,Preparatoria,26.7,70.4,70.8
2332,Profesores de enseñanza primaria,sinco-2332,professional-technical,Profesionistas y técnicos,Profesionistas y técnicos,685502,13000,106.3,30.0,Profesional (licenciatura),93.2,91.6,92.3
9512,Vendedores ambulantes de artículos diversos (excluyendo los de venta de alimentos),sinco-9512,elementary-support,Actividades elementales,Trabajadores en actividades elementales y de apoyo,672421,4515,41.7,30.0,Secundaria,12.4,3.6,0.1
9411,Ayudantes en la preparación de alimentos,sinco-9411,elementary-support,Actividades elementales,Trabajadores en actividades elementales y de apoyo,650621,5375,35.7,40.0,Secundaria,11.2,12.9,12.7
3132,Trabajadores en control de almacén y bodega,sinco-3132,administrative-support,Auxiliares administrativos,Trabajadores auxiliares en actividades administrativas,633155,9460,47.3,48.0,Preparatoria,19.6,87.5,88.6
5116,Meseros,sinco-5116,personal-services,Servicios personales y vigilancia,Trabajadores en servicios personales y vigilancia,624151,6880,38.9,48.0,Secundaria,14.3,32.3,32.3
2632,Mecánicos en mantenimiento y reparación de vehículos de motor,sinco-2632,professional-technical,Profesionistas y técnicos,Profesionistas y técnicos,580554,10750,57.8,48.0,Secundaria,11.2,37.7,24.2
9231,"Trabajadores de apoyo en la elaboración, reparación y mantenimiento mecánico de equipos, maquinaria y productos de metal y de precisión",sinco-9231,elementary-support,Actividades elementales,Trabajadores en actividades elementales y de apoyo,563818,7740,41.7,48.0,Secundaria,11.5,35.7,35.9
5112,"Fonderos, vendedores y comerciantes de comida",sinco-5112,personal-services,Servicios personales y vigilancia,Trabajadores en servicios personales y vigilancia,501088,6880,41.7,45.0,Secundaria,10.4,17.4,8.8
2121,Contadores y auditores,sinco-2121,professional-technical,Profesionistas y técnicos,Profesionistas y técnicos,484171,16000,90.9,40.0,Profesional (licenciatura),100.0,89.9,71.1
5211,"Peluqueros, barberos, estilistas y peinadores",sinco-5211,personal-services,Servicios personales y vigilancia,Trabajadores en servicios personales y vigilancia,471444,6450,50.0,40.0,Preparatoria,12.8,15.2,2.5
2511,"Auxiliares en administración, mercadotecnia, comercialización y comercio exterior",sinco-2511,professional-technical,Profesionistas y técnicos,Profesionistas y técnicos,468911,12000,66.4,40.0,Profesional (licenciatura),64.4,84.7,84.9
8212,Ensambladores y montadores de partes eléctricas y electrónicas,sinco-8212,operators-drivers,Operadores y conductores,"Operadores de maquinaria industrial, ensambladores, choferes y conductores de transporte",465213,9030,48.3,45.0,Secundaria,9.2,98.8,98.7
3111,Secretarias,sinco-3111,administrative-support,Auxiliares administrativos,Trabajadores auxiliares en actividades administrativas,456375,10000,58.1,40.0,Profesional (licenciatura),37.5,81.0,82.2
2135,Abogados,sinco-2135,professional-technical,Profesionistas y técnicos,Profesionistas y técnicos,446518,15000,94.8,40.0,Profesional (licenciatura),100.0,74.1,41.4
6114,Trabajadores en el cultivo de frutales,sinco-6114,agriculture,Agropecuario y pesca,"Trabajadores en actividades agrícolas, ganaderas, forestales, caza y pesca",443460,6450,40.1,42.0,Primaria,3.0,25.5,12.0
9236,"Trabajadores de apoyo en la industria de alimentos, bebidas y productos de tabaco",sinco-9236,elementary-support,Actividades elementales,Trabajadores en actividades elementales y de apoyo,434704,6880,37.5,48.0,Secundaria,7.8,34.3,34.0
2512,"Auxiliares en contabilidad, finanzas y agentes de bolsa",sinco-2512,professional-technical,Profesionistas y técnicos,Profesionistas y técnicos,434401,12000,66.7,40.0,Profesional (licenciatura),55.2,81.1,78.8
8344,Conductores de motocicleta,sinco-8344,operators-drivers,Operadores y conductores,"Operadores de maquinaria industrial, ensambladores, choferes y conductores de transporte",396610,7600,35.7,48.0,Preparatoria,11.6,18.0,12.5
4224,Vendedores por catálogo,sinco-4224,sales,Comerciantes y ventas,"Comerciantes, empleados en ventas y agentes de ventas",393996,2000,48.8,11.0,Secundaria,15.8,4.1,1.0
8211,"Ensambladores y montadores de herramientas, maquinaria, equipos y productos metálicos",sinco-8211,operators-drivers,Operadores y conductores,"Operadores de maquinaria industrial, ensambladores, choferes y conductores de transporte",375044,9116,46.7,48.0,Secundaria,10.1,99.3,99.4
7341,"Sastres y modistos, costureras y confeccionadores de prendas y accesorios de vestir, de tela, cuero, piel y similares",sinco-7341,crafts-trades,Artesanos y oficios,Trabajadores artesanales,366634,4300,32.6,36.0,Secundaria,5.8,5.4,2.7
2331,Profesores de enseñanza secundaria,sinco-2331,professional-technical,Profesionistas y técnicos,Profesionistas y técnicos,363288,13016,104.7,32.0,Profesional (licenciatura),94.9,92.6,93.2
7311,"Carpinteros, ebanistas y cepilladores en la elaboración de productos de madera",sinco-7311,crafts-trades,Artesanos y oficios,Trabajadores artesanales,360349,9030,47.6,46.0,Secundaria,7.7,21.2,14.5
9331,Cargadores,sinco-9331,elementary-support,Actividades elementales,Trabajadores en actividades elementales y de apoyo,357654,7740,38.9,48.0,Secundaria,8.7,36.4,36.5
5111,Cocineros,sinco-5111,personal-services,Servicios personales y vigilancia,Trabajadores en servicios personales y vigilancia,353348,8600,45.8,48.0,Secundaria,14.1,62.4,56.7
2436,Enfermeras y paramédicos profesionales,sinco-2436,professional-technical,Profesionistas y técnicos,Profesionistas y técnicos,352107,14000,77.5,40.0,Profesional (licenciatura),100.0,82.6,84.4
8123,"Operadores de máquinas que cortan, perforan, doblan, troquelan, sueldan, etc., piezas y productos metálicos",sinco-8123,operators-drivers,Operadores y conductores,"Operadores de maquinaria industrial, ensambladores, choferes y conductores de transporte",351588,10750,52.1,48.0,Preparatoria,6.3,95.3,95.4
2271,Desarrolladores y analistas de software y multimedia,sinco-2271,professional-technical,Profesionistas y técnicos,Profesionistas y técnicos,345335,18000,100.0,40.0,Profesional (licenciatura),100.0,87.8,83.2
8153,"Operadores de máquinas de costura, bordado y de corte para la confección de productos textiles y prendas de vestir",sinco-8153,operators-drivers,Operadores y conductores,"Operadores de maquinaria industrial, ensambladores, choferes y conductores de transporte",344797,7740,39.1,47.0,Secundaria,5.6,64.7,64.2
7221,"Herreros, balconeros, aluminadores y forjadores",sinco-7221,crafts-trades,Artesanos y oficios,Trabajadores artesanales,322214,10750,58.8,46.0,Secundaria,9.4,25.6,13.2
6112,Trabajadores en el cultivo de hortalizas y verduras,sinco-6112,agriculture,Agropecuario y pesca,"Trabajadores en actividades agrícolas, ganaderas, forestales, caza y pesca",319626,6450,33.3,48.0,Primaria,4.8,19.8,9.1
8101,Supervisores de operadores de maquinaria industrial,sinco-8101,operators-drivers,Operadores y conductores,"Operadores de maquinaria industrial, ensambladores, choferes y conductores de transporte",316484,11180,56.2,48.0,Profesional (licenciatura),37.6,95.4,95.6
4221,Agentes y representantes de ventas y consignatarios,sinco-4221,sales,Comerciantes y ventas,"Comerciantes, empleados en ventas y agentes de ventas",310204,12000,62.5,48.0,Profesional (licenciatura),44.6,80.2,79.9
3211,Recepcionistas y trabajadores que brindan información (de forma personal),sinco-3211,administrative-support,Auxiliares administrativos,Trabajadores auxiliares en actividades administrativas,308710,8600,47.5,44.0,Profesional (licenciatura),42.3,69.2,70.1
2335,Profesores de enseñanza preescolar,sinco-2335,professional-technical,Profesionistas y técnicos,Profesionistas y técnicos,304711,11000,93.0,25.0,Profesional (licenciatura),89.6,82.9,84.6
8133,Operadores de máquinas para la elaboración y ensamble de productos de plástico y hule,sinco-8133,operators-drivers,Operadores y conductores,"Operadores de maquinaria industrial, ensambladores, choferes y conductores de transporte",301956,9460,47.9,48.0,Secundaria,8.9,94.8,94.7
7511,"Trabajadores en la elaboración de productos de carne, pescado y sus derivados",sinco-7511,crafts-trades,Artesanos y oficios,Trabajadores artesanales,291218,8600,40.7,48.0,Secundaria,5.4,31.1,22.7
1411,"Directores y gerentes de ventas, comercialización y alquiler",sinco-1411,management,Funcionarios y directivos,"Funcionarios, directores y jefes",285246,20000,100.0,46.0,Profesional (licenciatura),69.6,89.8,63.3
4201,Encargados y supervisores de ventas de productos y de servicios financieros,sinco-4201,sales,Comerciantes y ventas,"Comerciantes, empleados en ventas y agentes de ventas",282076,10000,48.9,48.0,Profesional (licenciatura),38.6,77.0,77.7
2642,Electricistas y linieros,sinco-2642,professional-technical,Profesionistas y técnicos,Profesionistas y técnicos,274260,10750,62.5,45.0,Secundaria,18.2,54.3,52.5
5312,Policías y agentes de tránsito,sinco-5312,personal-services,Servicios personales y vigilancia,Trabajadores en servicios personales y vigilancia,273197,12000,45.2,60.0,Preparatoria,21.7,88.5,89.9
8352,"Conductores de maquinaria móvil para el movimiento de mercancías en fábricas, puertos, comercios, etcétera",sinco-8352,operators-drivers,Operadores y conductores,"Operadores de maquinaria industrial, ensambladores, choferes y conductores de transporte",272256,10750,52.1,48.0,Secundaria,7.2,92.5,92.5
2321,Profesores universitarios y de enseñanza superior,sinco-2321,professional-technical,Profesionistas y técnicos,Profesionistas y técnicos,270311,15000,116.3,35.0,Profesional (licenciatura),96.8,81.5,83.5
5222,"Cuidadores de niños, personas con discapacidad y ancianos en casas particulares",sinco-5222,personal-services,Servicios personales y vigilancia,Trabajadores en servicios personales y vigilancia,260113,5160,38.8,37.0,Secundaria,12.5,2.7,2.7
1511,"Coordinadores y jefes de área en administración, recursos humanos y mercadotecnia",sinco-1511,management,Funcionarios y directivos,"Funcionarios, directores y jefes",260094,15050,77.5,45.0,Profesional (licenciatura),70.7,95.9,94.6
6121,Trabajadores en la cría de ganado bovino,sinco-6121,agriculture,Agropecuario y pesca,"Trabajadores en actividades agrícolas, ganaderas, forestales, caza y pesca",251231,6450,32.0,48.0,Primaria,5.0,18.9,6.6
5212,"Maquillistas, manicuristas, pedicuristas y tatuadores",sinco-5212,personal-services,Servicios personales y vigilancia,Trabajadores en servicios personales y vigilancia,244458,6450,80.0,22.0,Preparatoria,21.6,10.9,2.7
2411,Médicos generales y familiares,sinco-2411,professional-technical,Profesionistas y técnicos,Profesionistas y técnicos,233196,16000,93.0,40.0,Profesional (licenciatura),100.0,79.7,64.7
2322,Profesores de preparatoria y equivalentes,sinco-2322,professional-technical,Profesionistas y técnicos,Profesionistas y técnicos,231475,14000,102.3,35.0,Profesional (licenciatura),97.4,86.4,87.5
4222,Agentes de seguros y servicios financieros (ejecutivos de cuenta),sinco-4222,sales,Comerciantes y ventas,"Comerciantes, empleados en ventas y agentes de ventas",222494,12900,69.8,40.0,Profesional (licenciatura),67.5,84.9,78.3
9112,Trabajadores de apoyo en actividades ganaderas,sinco-9112,elementary-support,Actividades elementales,Trabajadores en actividades elementales y de apoyo,218315,5160,33.3,36.0,Secundaria,3.0,9.3,8.9
7135,Pintores de brocha gorda,sinco-7135,crafts-trades,Artesanos y oficios,Trabajadores artesanales,207322,8944,55.6,45.0,Secundaria,6.7,22.9,22.6
3113,Capturistas de datos,sinco-3113,administrative-support,Auxiliares administrativos,Trabajadores auxiliares en actividades administrativas,207090,9460,53.8,40.0,Profesional (licenciatura),63.0,83.2,83.6
4214,Choferes vendedores,sinco-4214,sales,Comerciantes y ventas,"Comerciantes, empleados en ventas y agentes de ventas",199794,10000,41.7,54.0,Secundaria,10.9,74.3,74.7
8201,"Supervisores en procesos de ensamblado y montaje de maquinaria, herramientas y productos metálicos, eléctricos y electrónicos",sinco-8201,operators-drivers,Operadores y conductores,"Operadores de maquinaria industrial, ensambladores, choferes y conductores de transporte",198604,11180,56.6,48.0,Preparatoria,31.0,98.8,99.4
9234,"Trabajadores de apoyo en la industria de la madera, papel y cartón",sinco-9234,elementary-support,Actividades elementales,Trabajadores en actividades elementales y de apoyo,194088,7310,40.7,45.0,Secundaria,7.7,31.4,31.5
7134,"Plomeros, fontaneros e instaladores de tubería",sinco-7134,crafts-trades,Artesanos y oficios,Trabajadores artesanales,186608,10000,62.5,42.0,Secundaria,8.6,40.9,39.0
2111,Administradores y profesionistas en recursos humanos y sistemas de gestión,sinco-2111,professional-technical,Profesionistas y técnicos,Profesionistas y técnicos,181241,17200,93.0,40.0,Profesional (licenciatura),99.4,86.6,75.0
2634,Mecánicos en mantenimiento y reparación de maquinaria e instrumentos industriales,sinco-2634,professional-technical,Profesionistas y técnicos,Profesionistas y técnicos,180216,10750,54.2,48.0,Preparatoria,27.6,76.6,73.2
2821,Auxiliares en enfermería y paramédicos,sinco-2821,professional-technical,Profesionistas y técnicos,Profesionistas y técnicos,172471,10000,58.1,40.0,Preparatoria,25.5,66.9,67.7
9235,Trabajadores de apoyo en la industria textil y del zapato,sinco-9235,elementary-support,Actividades elementales,Trabajadores en actividades elementales y de apoyo,170269,6450,33.3,45.0,Secundaria,8.5,41.3,41.7
2651,"Técnicos en la instalación y reparación de redes, equipos y en sistemas computacionales",sinco-2651,professional-technical,Profesionistas y técnicos,Profesionistas y técnicos,169324,12000,71.1,42.0,Profesional (licenciatura),40.8,71.6,66.2
7213,"Hojalateros, chaperos, latoneros, cobreros y pintores de metales",sinco-7213,crafts-trades,Artesanos y oficios,Trabajadores artesanales,164118,10750,50.0,48.0,Secundaria,7.8,32.2,23.3
6116,Trabajadores en otros cultivos agrícolas,sinco-6116,agriculture,Agropecuario y pesca,"Trabajadores en actividades agrícolas, ganaderas, forestales, caza y pesca",163374,5676,34.6,36.0,Primaria,11.1,23.7,11.8
7212,Soldadores y oxicortadores,sinco-7212,crafts-trades,Artesanos y oficios,Trabajadores artesanales,163060,12900,62.5,48.0,Secundaria,6.8,66.3,60.8
7101,"Supervisores de trabajadores en la extracción, albañiles y en acabados de la construcción",sinco-7101,crafts-trades,Artesanos y oficios,Trabajadores artesanales,162913,16000,75.0,48.0,Profesional (licenciatura),54.7,68.7,56.8
7515,"Trabajadores en la elaboración de productos a base de azúcar, chocolate y confitería",sinco-7515,crafts-trades,Artesanos y oficios,Trabajadores artesanales,160094,4300,36.8,30.0,Primaria,9.6,9.6,3.8
3101,"Supervisores de secretarias, capturistas, cajeros y trabajadores de control de archivo y transporte",sinco-3101,administrative-support,Auxiliares administrativos,Trabajadores auxiliares en actividades administrativas,155196,12040,66.7,46.0,Profesional (licenciatura),50.2,89.9,92.0
9233,"Trabajadores de apoyo en la industria química, petroquímica, tratamiento de agua y plásticos",sinco-9233,elementary-support,Actividades elementales,Trabajadores en actividades elementales y de apoyo,154690,7740,40.0,46.0,Secundaria,7.1,74.9,74.9
1211,"Directores y gerentes en administración, recursos humanos y mercadotecnia",sinco-1211,management,Funcionarios y directivos,"Funcionarios, directores y jefes",153808,25000,129.2,45.0,Profesional (licenciatura),90.1,90.7,83.6
9631,Lavadores de vehículos en establecimientos,sinco-9631,elementary-support,Actividades elementales,Trabajadores en actividades elementales y de apoyo,150592,7525,37.5,48.0,Secundaria,8.5,17.0,14.0
2263,"Arquitectos, planificadores urbanos y del transporte",sinco-2263,professional-technical,Profesionistas y técnicos,Profesionistas y técnicos,148275,18000,103.4,44.0,Profesional (licenciatura),100.0,79.8,46.4
2142,Psicólogos,sinco-2142,professional-technical,Profesionistas y técnicos,Profesionistas y técnicos,144271,12000,85.9,36.0,Profesional (licenciatura),100.0,66.7,37.4
2633,Técnicos en mantenimiento y reparación de maquinaria e instrumentos industriales,sinco-2633,professional-technical,Profesionistas y técnicos,Profesionistas y técnicos,143183,12900,66.7,48.0,Preparatoria,30.5,88.5,85.5
9232,"Trabajadores de apoyo en la industria eléctrica, electrónica y comunicaciones",sinco-9232,elementary-support,Actividades elementales,Trabajadores en actividades elementales y de apoyo,142732,8600,50.0,45.0,Preparatoria,9.5,60.1,61.0
3131,Trabajadores en archivo y correspondencia,sinco-3131,administrative-support,Auxiliares administrativos,Trabajadores auxiliares en actividades administrativas,142664,10000,66.4,40.0,Profesional (licenciatura),51.9,87.1,87.2
4212,"Anaqueleros, acomodadores y seleccionadores de mercancías y alimentadores de máquinas expendedoras",sinco-4212,sales,Comerciantes y ventas,"Comerciantes, empleados en ventas y agentes de ventas",140112,7740,37.8,48.0,Preparatoria,18.5,75.8,77.1
2643,"Técnicos en instalación y reparación de equipos electrónicos, telecomunicaciones y electrodomésticos (excepto equipos informáticos)",sinco-2643,professional-technical,Profesionistas y técnicos,Profesionistas y técnicos,138358,8600,54.2,46.0,Preparatoria,26.5,47.7,42.0
9712,Empacadores de objetos y mercancías,sinco-9712,elementary-support,Actividades elementales,Trabajadores en actividades elementales y de apoyo,134546,6450,39.6,44.0,Secundaria,6.6,39.2,40.1
8161,"Operadores de máquinas en la elaboración de alimentos, aceites, grasas, sal y especias",sinco-8161,operators-drivers,Operadores y conductores,"Operadores de maquinaria industrial, ensambladores, choferes y conductores de transporte",134469,8600,41.7,48.0,Secundaria,6.8,91.1,91.1
2172,Músicos,sinco-2172,professional-technical,Profesionistas y técnicos,Profesionistas y técnicos,134013,8600,162.8,16.0,Preparatoria,24.5,9.4,3.8
5101,"Supervisores en la preparación y servicio de alimentos y bebidas, así como en servicios de esparcimiento y de hotelería",sinco-5101,personal-services,Servicios personales y vigilancia,Trabajadores en servicios personales y vigilancia,131223,12000,58.1,48.0,Profesional (licenciatura),56.3,67.5,61.1
6131,Trabajadores que combinan actividades agrícolas con ganaderas,sinco-6131,agriculture,Agropecuario y pesca,"Trabajadores en actividades agrícolas, ganaderas, forestales, caza y pesca",131139,4166,19.9,46.0,Primaria,1.6,19.7,2.0
2811,Enfermeras (técnicas),sinco-2811,professional-technical,Profesionistas y técnicos,Profesionistas y técnicos,130435,13600,75.0,40.0,Normal/Técnica,15.6,76.2,77.2
2644,"Trabajadores en instalación y reparación de equipos electrónicos, telecomunicaciones y electrodomésticos (excepto equipos informáticos)",sinco-2644,professional-technical,Profesionistas y técnicos,Profesionistas y técnicos,127229,9460,52.1,45.0,Secundaria,28.1,48.8,45.7
9661,Recolectores de basura y material reciclable,sinco-9661,elementary-support,Actividades elementales,Trabajadores en actividades elementales y de apoyo,126673,5160,31.2,44.0,Primaria,0.7,28.1,28.1
5242,Jardineros en casas particulares,sinco-5242,personal-services,Servicios personales y vigilancia,Trabajadores en servicios personales y vigilancia,126054,5590,50.0,32.0,Primaria,4.7,7.5,6.4
5241,Jardineros en establecimientos,sinco-5241,personal-services,Servicios personales y vigilancia,Trabajadores en servicios personales y vigilancia,123841,7310,41.3,45.0,Secundaria,7.4,52.0,52.9
2412,Dentistas,sinco-2412,professional-technical,Profesionistas y técnicos,Profesionistas y técnicos,121217,15000,87.2,40.0,Profesional (licenciatura),99.8,73.4,13.7
7343,Bordadores y deshiladores,sinco-7343,crafts-trades,Artesanos y oficios,Trabajadores artesanales,115356,1000,14.0,21.0,Secundaria,4.8,3.3,2.5
2253,Ingenieros industriales,sinco-2253,professional-technical,Profesionistas y técnicos,Profesionistas y técnicos,112288,18000,93.0,45.0,Profesional (licenciatura),100.0,94.6,92.4
1412,Directores y gerentes de restaurantes y hoteles,sinco-1412,management,Funcionarios y directivos,"Funcionarios, directores y jefes",112269,15000,63.0,48.0,Profesional (licenciatura),54.5,77.7,44.2
2112,"Profesionistas y consultores en mercadotecnia, publicidad, comunicación y comercio exterior",sinco-2112,professional-technical,Profesionistas y técnicos,Profesionistas y técnicos,112095,20000,116.3,40.0,Profesional (licenciatura),100.0,87.0,77.9
4231,Demostradores y promotores,sinco-4231,sales,Comerciantes y ventas,"Comerciantes, empleados en ventas y agentes de ventas",111786,8000,44.4,48.0,Preparatoria,15.4,91.9,92.2
3122,"Cobradores, pagadores y prestamistas",sinco-3122,administrative-support,Auxiliares administrativos,Trabajadores auxiliares en actividades administrativas,108208,10000,52.1,45.0,Preparatoria,36.0,71.9,70.6
6113,"Trabajadores en el cultivo de café, cacao y tabaco",sinco-6113,agriculture,Agropecuario y pesca,"Trabajadores en actividades agrícolas, ganaderas, forestales, caza y pesca",102048,1666,9.7,36.0,Primaria,4.3,19.7,1.2
7411,"Trabajadores en la elaboración y reparación de productos de hule, caucho, plásticos y vulcanización de neumáticos",sinco-7411,crafts-trades,Artesanos y oficios,Trabajadores artesanales,101211,6450,31.7,48.0,Primaria,5.7,19.6,9.8
4223,Agentes de bienes raíces,sinco-4223,sales,Comerciantes y ventas,"Comerciantes, empleados en ventas y agentes de ventas",99891,16000,96.9,40.0,Profesional (licenciatura),63.3,45.4,20.4
2261,Ingenieros civiles y de la construcción,sinco-2261,professional-technical,Profesionistas y técnicos,Profesionistas y técnicos,97559,20000,101.7,45.0,Profesional (licenciatura),100.0,80.9,64.3
1223,Directores y gerentes en centros de enseñanza y capacitación,sinco-1223,management,Funcionarios y directivos,"Funcionarios, directores y jefes",96443,19000,116.3,40.0,Profesional (licenciatura),96.1,91.8,84.9
9623,Mozos de hotel y restaurante,sinco-9623,elementary-support,Actividades elementales,Trabajadores en actividades elementales y de apoyo,96425,7400,37.5,48.0,Secundaria,2.9,56.7,58.2
2162,"Dibujantes y diseñadores artísticos, ilustradores y grabadores",sinco-2162,professional-technical,Profesionistas y técnicos,Profesionistas y técnicos,93492,12000,69.8,42.0,Profesional (licenciatura),97.9,70.6,54.1
6211,Trabajadores en actividades pesqueras,sinco-6211,agriculture,Agropecuario y pesca,"Trabajadores en actividades agrícolas, ganaderas, forestales, caza y pesca",91994,6880,50.0,36.0,Primaria,1.5,12.9,1.9
1614,Coordinadores y jefes de área en producción manufacturera,sinco-1614,management,Funcionarios y directivos,"Funcionarios, directores y jefes",91781,12900,64.6,47.0,Profesional (licenciatura),41.7,94.3,91.3
3212,Trabajadores que brindan información por teléfono (centro de llamadas) y anunciadores,sinco-3212,administrative-support,Auxiliares administrativos,Trabajadores auxiliares en actividades administrativas,91744,10750,54.3,45.0,Profesional (licenciatura),55.5,91.6,92.6
1212,"Directores y gerentes en servicios contables, financieros, banca y seguros",sinco-1212,management,Funcionarios y directivos,"Funcionarios, directores y jefes",91229,30000,150.0,45.0,Profesional (licenciatura),84.7,90.5,84.6
8351,Conductores de maquinaria móvil para la construcción y minería,sinco-8351,operators-drivers,Operadores y conductores,"Operadores de maquinaria industrial, ensambladores, choferes y conductores de transporte",86950,12900,62.5,48.0,Secundaria,3.5,68.0,68.4
5221,"Cuidadores de niños, personas con discapacidad y ancianos en establecimientos",sinco-5221,personal-services,Servicios personales y vigilancia,Trabajadores en servicios personales y vigilancia,85489,6000,35.9,40.0,Preparatoria,24.8,48.3,49.4
1314,Directores y gerentes en producción manufacturera,sinco-1314,management,Funcionarios y directivos,"Funcionarios, directores y jefes",84767,24000,116.3,48.0,Profesional (licenciatura),64.8,88.5,41.1
6124,Trabajadores en la cría de caprinos y ovinos,sinco-6124,agriculture,Agropecuario y pesca,"Trabajadores en actividades agrícolas, ganaderas, forestales, caza y pesca",84566,1500,10.2,40.0,Primaria,0.5,8.4,3.2
7133,"Instaladores de material aislante, de impermeabilización, vidrio y otros materiales",sinco-7133,crafts-trades,Artesanos y oficios,Trabajadores artesanales,83306,10750,62.5,45.0,Secundaria,7.2,31.6,27.1
8154,"Operadores de máquinas en el tratamiento del cuero y piel, para la elaboración de calzado y otros productos de cuero o piel",sinco-8154,operators-drivers,Operadores y conductores,"Operadores de maquinaria industrial, ensambladores, choferes y conductores de transporte",83040,8600,41.8,50.0,Secundaria,0.9,60.1,60.4
9641,Lavanderos en establecimientos,sinco-9641,elementary-support,Actividades elementales,Trabajadores en actividades elementales y de apoyo,82905,7400,37.0,48.0,Secundaria,9.9,51.1,44.3
2711,Auxiliares y técnicos en pedagogía y en educación,sinco-2711,professional-technical,Profesionistas y técnicos,Profesionistas y técnicos,82413,6800,57.5,30.0,Profesional (licenciatura),54.4,39.5,39.7
3213,Telefonistas y telegrafistas,sinco-3213,administrative-support,Auxiliares administrativos,Trabajadores auxiliares en actividades administrativas,80962,10000,50.7,40.0,Profesional (licenciatura),50.7,76.2,76.6
9622,Recamaristas y camaristas,sinco-9622,elementary-support,Actividades elementales,Trabajadores en actividades elementales y de apoyo,80487,7740,37.5,48.0,Secundaria,2.2,67.4,70.6
2716,Instructores en educación física y deporte,sinco-2716,professional-technical,Profesionistas y técnicos,Profesionistas y técnicos,80125,7740,80.0,33.0,Profesional (licenciatura),46.1,41.7,27.5
2637,"Técnicos en la instalación, reparación y mantenimiento de equipos de refrigeración, climas y aire acondicionado",sinco-2637,professional-technical,Profesionistas y técnicos,Profesionistas y técnicos,76801,12564,75.0,45.0,Preparatoria,19.1,43.4,31.5
9722,Repartidores de mensajería (a pie o en bicicleta) y mandaderos,sinco-9722,elementary-support,Actividades elementales,Trabajadores en actividades elementales y de apoyo,75789,8000,39.6,40.0,Secundaria,17.3,68.2,70.0
7332,Tejedores de fibras,sinco-7332,crafts-trades,Artesanos y oficios,Trabajadores artesanales,75576,1290,16.7,21.0,Secundaria,4.3,0.7,0.2
2715,Instructores y capacitadores en oficios y para el trabajo,sinco-2715,professional-technical,Profesionistas y técnicos,Profesionistas y técnicos,75326,10000,74.4,40.0,Profesional (licenciatura),53.5,70.3,66.7
2531,Auxiliares en ciencias sociales y humanistas,sinco-2531,professional-technical,Profesionistas y técnicos,Profesionistas y técnicos,74796,10000,61.6,40.0,Profesional (licenciatura),40.9,66.7,63.0
2242,Ingenieros electrónicos,sinco-2242,professional-technical,Profesionistas y técnicos,Profesionistas y técnicos,72102,20000,104.7,45.0,Profesional (licenciatura),100.0,93.3,88.9
7322,"Impresores, linotipistas, fotograbadores y encuadernadores",sinco-7322,crafts-trades,Artesanos y oficios,Trabajadores artesanales,71160,8000,44.0,46.0,Preparatoria,22.0,62.4,44.3
7612,"Trabajadores en la elaboración de productos de cemento, cal, yeso, azulejo, piedra y ladrilleros",sinco-7612,crafts-trades,Artesanos y oficios,Trabajadores artesanales,70556,6880,37.0,45.0,Secundaria,4.2,6.1,3.1
2437,Fisioterapeutas y logopedas,sinco-2437,professional-technical,Profesionistas y técnicos,Profesionistas y técnicos,68604,10750,96.2,40.0,Profesional (licenciatura),97.0,43.9,22.1
2222,Químicos,sinco-2222,professional-technical,Profesionistas y técnicos,Profesionistas y técnicos,66619,14000,87.2,40.0,Profesional (licenciatura),100.0,78.8,78.8
2122,Asesores y analistas en finanzas,sinco-2122,professional-technical,Profesionistas y técnicos,Profesionistas y técnicos,65620,25000,174.4,40.0,Profesional (licenciatura),99.9,89.6,81.8
2544,"Decoradores de interiores, jardines y diversos materiales (tazas, llaveros, etcétera)",sinco-2544,professional-technical,Profesionistas y técnicos,Profesionistas y técnicos,65569,6450,58.1,36.0,Profesional (licenciatura),37.6,28.0,21.4
5413,Trabajadores del Ejército,sinco-5413,personal-services,Servicios personales y vigilancia,Trabajadores en servicios personales y vigilancia,64437,15000,51.7,72.0,Preparatoria,19.9,99.0,99.0
2812,"Técnicos en aparatos de diagnóstico, tratamiento médico, podólogos y fisioterapeutas",sinco-2812,professional-technical,Profesionistas y técnicos,Profesionistas y técnicos,63471,9200,67.8,39.0,Normal/Técnica,29.7,50.0,38.7
1315,"Directores y gerentes en construcción, reparación y mantenimiento de maquinaria y equipo industrial, telecomunicaciones, de transporte, etcétera",sinco-1315,management,Funcionarios y directivos,"Funcionarios, directores y jefes",63356,24000,166.7,45.0,Profesional (licenciatura),80.3,87.3,48.9
2532,Auxiliares en servicios jurídicos,sinco-2532,professional-technical,Profesionistas y técnicos,Profesionistas y técnicos,62914,10320,69.8,40.0,Profesional (licenciatura),75.8,47.5,40.5
7353,Zapateros artesanales,sinco-7353,crafts-trades,Artesanos y oficios,Trabajadores artesanales,62800,7740,42.6,48.0,Secundaria,1.5,12.2,9.8
1711,"Coordinadores y jefes de área de ventas, comercialización y alquiler",sinco-1711,management,Funcionarios y directivos,"Funcionarios, directores y jefes",62696,12040,62.5,48.0,Profesional (licenciatura),62.3,91.9,90.2
7313,"Artesanos de productos de bejuco, vara, palma, carrizo, mimbre y similares, excepto madera",sinco-7313,crafts-trades,Artesanos y oficios,Trabajadores artesanales,62249,1000,10.0,24.0,Sin escolaridad,3.8,2.7,2.6
6223,Trabajadores en viveros e invernaderos,sinco-6223,agriculture,Agropecuario y pesca,"Trabajadores en actividades agrícolas, ganaderas, forestales, caza y pesca",61786,7310,37.5,48.0,Secundaria,6.3,65.6,62.3
1623,Coordinadores y jefes de área en servicios de transporte,sinco-1623,management,Funcionarios y directivos,"Funcionarios, directores y jefes",61324,14000,64.0,46.0,Profesional (licenciatura),65.3,95.2,91.2
5115,Cantineros,sinco-5115,personal-services,Servicios personales y vigilancia,Trabajadores en servicios personales y vigilancia,60595,9500,50.0,48.0,Preparatoria,15.9,56.5,54.1
2655,Fotógrafos,sinco-2655,professional-technical,Profesionistas y técnicos,Profesionistas y técnicos,60004,8600,62.5,30.0,Preparatoria,34.3,25.6,9.8
6123,Trabajadores en la cría avícola,sinco-6123,agriculture,Agropecuario y pesca,"Trabajadores en actividades agrícolas, ganaderas, forestales, caza y pesca",59875,7310,33.3,48.0,Secundaria,3.9,42.2,39.3
2429,Otros médicos especialistas,sinco-2429,professional-technical,Profesionistas y técnicos,Profesionistas y técnicos,58692,34000,218.0,40.0,Maestría,100.0,93.3,61.3
2232,Veterinarios y zootecnistas,sinco-2232,professional-technical,Profesionistas y técnicos,Profesionistas y técnicos,57336,12900,80.2,48.0,Profesional (licenciatura),100.0,63.3,28.8
9601,"Supervisores en limpieza, amas de llaves, mayordomos y en estacionamientos",sinco-9601,elementary-support,Actividades elementales,Trabajadores en actividades elementales y de apoyo,57093,9200,46.5,48.0,Secundaria,29.4,70.2,65.5
9311,Ayudantes de conductores de transporte terrestre con motor y de maquinaria móvil,sinco-9311,elementary-support,Actividades elementales,Trabajadores en actividades elementales y de apoyo,56231,7095,36.4,52.0,Secundaria,10.6,38.6,38.6
1615,"Coordinadores y jefes de área en construcción, reparación y mantenimiento de maquinaria y equipo industrial, telecomunicaciones, de transporte, etcétera",sinco-1615,management,Funcionarios y directivos,"Funcionarios, directores y jefes",56229,18000,83.3,48.0,Profesional (licenciatura),62.1,87.8,81.9
7321,Artesanos y trabajadores en la elaboración de productos de papel y cartón,sinco-7321,crafts-trades,Artesanos y oficios,Trabajadores artesanales,56109,3000,30.0,30.0,Preparatoria,14.0,5.4,2.0
2543,Diseñadores gráficos,sinco-2543,professional-technical,Profesionistas y técnicos,Profesionistas y técnicos,55742,9000,52.3,40.0,Profesional (licenciatura),52.1,48.7,35.1
2646,Trabajadores en reparación de equipos electromecánicos,sinco-2646,professional-technical,Profesionistas y técnicos,Profesionistas y técnicos,55624,10750,50.0,48.0,Secundaria,15.2,54.2,38.5
6117,Trabajadores en actividades de beneficio de productos agrícolas,sinco-6117,agriculture,Agropecuario y pesca,"Trabajadores en actividades agrícolas, ganaderas, forestales, caza y pesca",53699,7396,41.7,45.0,Primaria,3.7,43.5,43.9
9713,"Trabajadores de apoyo a la realización de espectáculos, deportes y en parques de diversiones",sinco-9713,elementary-support,Actividades elementales,Trabajadores en actividades elementales y de apoyo,51733,6880,47.6,42.0,Preparatoria,17.2,36.6,25.0
7342,"Artesanos y confeccionadores de productos textiles, cuero, piel y materiales sucedáneos (excepto prendas de vestir y calzado)",sinco-7342,crafts-trades,Artesanos y oficios,Trabajadores artesanales,51514,4128,33.3,30.0,Secundaria,10.2,10.1,4.9
2712,Instructores en estudios y capacitación artística,sinco-2712,professional-technical,Profesionistas y técnicos,Profesionistas y técnicos,50934,8000,93.0,18.0,Profesional (licenciatura),63.9,31.6,21.1
8343,Choferes en casas particulares,sinco-8343,operators-drivers,Operadores y conductores,"Operadores de maquinaria industrial, ensambladores, choferes y conductores de transporte",50717,8600,44.6,48.0,Secundaria,5.0,21.1,21.3
4312,Trabajadores en servicios de alquiler de bienes muebles,sinco-4312,sales,Comerciantes y ventas,"Comerciantes, empleados en ventas y agentes de ventas",49708,8000,58.1,35.0,Secundaria,20.0,25.1,8.8
2823,Auxiliares hospitalarios y de medicina,sinco-2823,professional-technical,Profesionistas y técnicos,Profesionistas y técnicos,48424,10750,66.7,40.0,Preparatoria,27.1,73.6,69.9
9237,"Trabajadores de apoyo en la industria de la cerámica, vidrio y similares",sinco-9237,elementary-support,Actividades elementales,Trabajadores en actividades elementales y de apoyo,48310,7740,40.6,47.0,Secundaria,9.7,34.1,34.1
8163,Operadores de máquinas en la elaboración de bebidas alcohólicas y no alcohólicas,sinco-8163,operators-drivers,Operadores y conductores,"Operadores de maquinaria industrial, ensambladores, choferes y conductores de transporte",47972,9030,45.8,48.0,Secundaria,14.3,79.1,79.4
7211,"Moldeadores, torneros y troqueladores",sinco-7211,crafts-trades,Artesanos y oficios,Trabajadores artesanales,47246,12900,66.7,45.0,Preparatoria,14.2,65.0,55.1
2641,Técnicos eléctricos,sinco-2641,professional-technical,Profesionistas y técnicos,Profesionistas y técnicos,46067,12900,66.7,45.0,Preparatoria,35.4,63.8,61.3
7611,Alfareros y trabajadores ceramistas,sinco-7611,crafts-trades,Artesanos y oficios,Trabajadores artesanales,44935,6450,35.0,42.0,Secundaria,5.5,5.1,4.4
1512,"Coordinadores y jefes de área en servicios contables, financieros, banca y seguros",sinco-1512,management,Funcionarios y directivos,"Funcionarios, directores y jefes",43547,17200,95.0,45.0,Profesional (licenciatura),76.7,94.5,94.5
6122,Trabajadores en la cría de porcinos,sinco-6122,agriculture,Agropecuario y pesca,"Trabajadores en actividades agrícolas, ganaderas, forestales, caza y pesca",43357,3870,30.3,45.0,Primaria,5.2,27.3,20.9
2822,Auxiliares y asistentes dentales,sinco-2822,professional-technical,Profesionistas y técnicos,Profesionistas y técnicos,42541,7310,45.0,40.0,Preparatoria,40.1,23.8,20.8
2562,Entrenadores deportivos y directores técnicos,sinco-2562,professional-technical,Profesionistas y técnicos,Profesionistas y técnicos,41714,8600,73.2,28.0,Profesional (licenciatura),56.6,27.4,22.5
5213,Bañeros y masajistas,sinco-5213,personal-services,Servicios personales y vigilancia,Trabajadores en servicios personales y vigilancia,41690,8600,77.8,40.0,Preparatoria,27.3,30.9,11.1
2827,Fumigadores y controladores de plagas,sinco-2827,professional-technical,Profesionistas y técnicos,Profesionistas y técnicos,41555,8000,48.8,43.0,Secundaria,19.0,46.7,42.4
6101,"Supervisores, encargados y capataces agropecuarios",sinco-6101,agriculture,Agropecuario y pesca,"Trabajadores en actividades agrícolas, ganaderas, forestales, caza y pesca",41189,9030,42.9,48.0,Profesional (licenciatura),26.2,50.4,47.0
5301,Supervisores en servicios de protección y vigilancia,sinco-5301,personal-services,Servicios personales y vigilancia,Trabajadores en servicios personales y vigilancia,41030,10900,38.8,60.0,Preparatoria,40.9,93.5,95.7
8145,Operadores de máquinas para la elaboración de productos a base de papel y cartón,sinco-8145,operators-drivers,Operadores y conductores,"Operadores de maquinaria industrial, ensambladores, choferes y conductores de transporte",40858,8600,41.7,48.0,Secundaria,5.4,91.2,91.5
9662,Clasificadores de desechos,sinco-9662,elementary-support,Actividades elementales,Trabajadores en actividades elementales y de apoyo,39958,8600,42.2,48.0,Primaria,1.2,46.1,46.3
2433,Nutriólogos,sinco-2433,professional-technical,Profesionistas y técnicos,Profesionistas y técnicos,39913,14000,93.0,40.0,Profesional (licenciatura),100.0,78.2,48.5
1122,Presidentes y directores generales en instituciones y empresas privadas,sinco-1122,management,Funcionarios y directivos,"Funcionarios, directores y jefes",39795,34400,170.2,45.0,Profesional (licenciatura),88.9,95.9,61.3
2638,"Mecánicos en instalación, mantenimiento y reparación de equipos de refrigeración, climas y aire acondicionado",sinco-2638,professional-technical,Profesionistas y técnicos,Profesionistas y técnicos,39439,10750,62.5,45.0,Preparatoria,18.7,51.3,44.6
2630,"Supervisores de mecánicos y técnicos en mantenimiento y reparación de equipos mecánicos, vehículos de motor, instrumentos industriales y equipo de refrigeración",sinco-2630,professional-technical,Profesionistas y técnicos,Profesionistas y técnicos,39230,16000,77.8,48.0,Profesional (licenciatura),66.8,88.9,88.5
6311,Operadores de maquinaria agropecuaria y forestal,sinco-6311,agriculture,Agropecuario y pesca,"Trabajadores en actividades agrícolas, ganaderas, forestales, caza y pesca",38705,8600,45.0,48.0,Primaria,2.7,36.3,36.4
2312,"Pedagogos, orientadores educativos y otros especialistas en ciencias educativas",sinco-2312,professional-technical,Profesionistas y técnicos,Profesionistas y técnicos,38605,17000,125.7,35.0,Profesional (licenciatura),95.9,75.2,75.8
6115,Trabajadores en el cultivo de flores,sinco-6115,agriculture,Agropecuario y pesca,"Trabajadores en actividades agrícolas, ganaderas, forestales, caza y pesca",38332,4644,27.8,45.0,Primaria,4.1,11.5,0.7
3142,Checadores y revisores de transporte,sinco-3142,administrative-support,Auxiliares administrativos,Trabajadores auxiliares en actividades administrativas,38285,7740,35.6,48.0,Profesional (licenciatura),37.9,57.0,57.5
9222,Trabajadores de apoyo en plomería e instalación de tuberías,sinco-9222,elementary-support,Actividades elementales,Trabajadores en actividades elementales y de apoyo,37176,7740,47.9,45.0,Secundaria,7.0,28.6,28.7
9643,Lavanderos y planchadores domésticos,sinco-9643,elementary-support,Actividades elementales,Trabajadores en actividades elementales y de apoyo,37080,1290,64.3,6.0,Primaria,0.9,0.0,0.0
3221,Trabajadores en agencias de viajes,sinco-3221,administrative-support,Auxiliares administrativos,Trabajadores auxiliares en actividades administrativas,36909,10750,60.5,40.0,Profesional (licenciatura),64.6,73.3,45.6
7512,Trabajadores en la elaboración de productos lácteos,sinco-7512,crafts-trades,Artesanos y oficios,Trabajadores artesanales,36727,6880,41.7,48.0,Secundaria,9.9,19.8,17.6
9121,Trabajadores de apoyo en actividades silvícolas y forestales,sinco-9121,elementary-support,Actividades elementales,Trabajadores en actividades elementales y de apoyo,36106,6450,32.1,48.0,Secundaria,6.5,20.7,20.2
9113,Trabajadores de apoyo que realizan actividades agrícolas y ganaderas,sinco-9113,elementary-support,Actividades elementales,Trabajadores en actividades elementales y de apoyo,35487,6450,37.5,36.0,Secundaria,4.2,2.6,2.6
8311,Pilotos de aviación,sinco-8311,operators-drivers,Operadores y conductores,"Operadores de maquinaria industrial, ensambladores, choferes y conductores de transporte",35472,10320,41.7,48.0,Primaria,21.4,48.2,48.4
2143,Profesionistas en trabajo social,sinco-2143,professional-technical,Profesionistas y técnicos,Profesionistas y técnicos,35332,12000,79.7,40.0,Profesional (licenciatura),100.0,91.6,91.9
5254,Entrenadores de animales y ocupaciones relacionadas con el cuidado de mascotas,sinco-5254,personal-services,Servicios personales y vigilancia,Trabajadores en servicios personales y vigilancia,35114,7740,72.0,34.0,Preparatoria,31.6,14.1,10.7
1523,Coordinadores y jefes de área en centros de enseñanza y capacitación,sinco-1523,management,Funcionarios y directivos,"Funcionarios, directores y jefes",34921,15000,93.0,40.0,Profesional (licenciatura),88.4,93.1,96.9
7517,Trabajadores en la elaboración de bebidas alcohólicas y no alcohólicas,sinco-7517,crafts-trades,Artesanos y oficios,Trabajadores artesanales,34647,6450,40.0,43.0,Secundaria,8.0,18.9,9.9
1521,"Coordinadores y jefes de área en servicios de salud, protección civil y medio ambiente",sinco-1521,management,Funcionarios y directivos,"Funcionarios, directores y jefes",34591,20000,114.6,40.0,Profesional (licenciatura),92.6,97.0,95.7
2654,"Auxiliares y técnicos de ingeniería de audio, sonido e iluminación",sinco-2654,professional-technical,Profesionistas y técnicos,Profesionistas y técnicos,34559,9000,75.0,34.0,Profesional (licenciatura),35.5,35.3,22.4
8122,"Operadores de máquinas pulidoras, galvanizadoras y recubridoras de metal",sinco-8122,operators-drivers,Operadores y conductores,"Operadores de maquinaria industrial, ensambladores, choferes y conductores de transporte",33600,10750,52.6,48.0,Secundaria,4.6,90.6,90.6
8121,"Operadores de hornos metalúrgicos, coladores y laminadores y operadores de máquinas trefiladoras y estiradoras de metales",sinco-8121,operators-drivers,Operadores y conductores,"Operadores de maquinaria industrial, ensambladores, choferes y conductores de transporte",33534,9890,50.0,48.0,Secundaria,9.6,92.0,92.7
7132,"Instaladores de pisos, azulejos, mosaicos y baldosas",sinco-7132,crafts-trades,Artesanos y oficios,Trabajadores artesanales,33092,12900,62.5,48.0,Secundaria,5.8,19.5,18.3
2825,Técnicos en seguridad en el trabajo e higiene,sinco-2825,professional-technical,Profesionistas y técnicos,Profesionistas y técnicos,33084,12900,70.0,47.0,Profesional (licenciatura),62.4,95.0,91.5
4213,Vendedores por teléfono,sinco-4213,sales,Comerciantes y ventas,"Comerciantes, empleados en ventas y agentes de ventas",32116,12000,62.0,48.0,Profesional (licenciatura),51.1,84.4,84.4
2612,"Auxiliares y técnicos en ciencias biológicas, químicas y del medio ambiente",sinco-2612,professional-technical,Profesionistas y técnicos,Profesionistas y técnicos,31494,16000,93.0,45.0,Preparatoria,31.1,87.0,91.2
8151,Operadores de máquinas y equipos de hilar y bobinar fibras textiles naturales y sintéticas,sinco-8151,operators-drivers,Operadores y conductores,"Operadores de maquinaria industrial, ensambladores, choferes y conductores de transporte",31288,7740,40.0,48.0,Secundaria,11.6,90.1,90.1
2640,"Supervisores de técnicos eléctricos, en electrónica y de equipos en telecomunicaciones y electromecánicos",sinco-2640,professional-technical,Profesionistas y técnicos,Profesionistas y técnicos,31110,15000,88.9,48.0,Profesional (licenciatura),62.6,92.8,79.6
2552,Animadores y organizadores de eventos,sinco-2552,professional-technical,Profesionistas y técnicos,Profesionistas y técnicos,30969,9030,100.0,28.0,Profesional (licenciatura),52.6,34.7,26.3
7613,Trabajadores del vidrio y similares,sinco-7613,crafts-trades,Artesanos y oficios,Trabajadores artesanales,30945,10750,52.1,48.0,Secundaria,4.4,28.3,21.6
2252,Ingenieros mecánicos,sinco-2252,professional-technical,Profesionistas y técnicos,Profesionistas y técnicos,30837,19350,93.0,48.0,Profesional (licenciatura),99.7,90.5,87.2
7351,Tapiceros,sinco-7351,crafts-trades,Artesanos y oficios,Trabajadores artesanales,30368,8600,47.6,46.0,Secundaria,10.1,37.4,16.5
8132,Operadores de máquinas para la elaboración de productos farmacéuticos y cosméticos,sinco-8132,operators-drivers,Operadores y conductores,"Operadores de maquinaria industrial, ensambladores, choferes y conductores de transporte",30315,8170,40.0,48.0,Preparatoria,0.3,99.7,99.7
1524,"Coordinadores y jefes de área en servicios legales, jueces calificadores y fiscales",sinco-1524,management,Funcionarios y directivos,"Funcionarios, directores y jefes",29823,15000,81.4,40.0,Profesional (licenciatura),91.8,93.1,93.2
7131,"Yeseros, escayolistas y otros recubridores de techos y paredes",sinco-7131,crafts-trades,Artesanos y oficios,Trabajadores artesanales,29376,12900,64.8,45.0,Secundaria,6.2,12.7,13.2
9633,Cuidadores y acomodadores de autos en estacionamientos,sinco-9633,elementary-support,Actividades elementales,Trabajadores en actividades elementales y de apoyo,29262,7000,33.3,48.0,Secundaria,17.1,21.4,20.7
8152,"Operadores de máquinas para fabricar tejidos de punto, telas y alfombras",sinco-8152,operators-drivers,Operadores y conductores,"Operadores de maquinaria industrial, ensambladores, choferes y conductores de transporte",29089,8600,44.0,46.0,Secundaria,1.3,90.6,90.6
7514,"Trabajadores en la elaboración de productos a base de frutas, verduras y legumbres",sinco-7514,crafts-trades,Artesanos y oficios,Trabajadores artesanales,29069,5160,38.8,30.0,Secundaria,3.3,14.7,11.5
3231,Encuestadores,sinco-3231,administrative-support,Auxiliares administrativos,Trabajadores auxiliares en actividades administrativas,28369,12600,62.5,40.0,Profesional (licenciatura),57.5,76.6,78.5
1323,Directores y gerentes en servicios de transporte,sinco-1323,management,Funcionarios y directivos,"Funcionarios, directores y jefes",28354,15000,125.0,45.0,Profesional (licenciatura),56.4,88.7,39.3
8131,Operadores de máquinas para la elaboración de productos químicos,sinco-8131,operators-drivers,Operadores y conductores,"Operadores de maquinaria industrial, ensambladores, choferes y conductores de transporte",28133,7740,39.3,48.0,Preparatoria,10.4,98.0,97.6
2621,Auxiliares y técnicos industriales y químicos,sinco-2621,professional-technical,Profesionistas y técnicos,Profesionistas y técnicos,27384,12900,60.0,48.0,Profesional (licenciatura),48.4,92.3,89.0
9723,Repartidores de mercancías (a pie o en bicicleta),sinco-9723,elementary-support,Actividades elementales,Trabajadores en actividades elementales y de apoyo,27287,5160,31.0,42.0,Secundaria,6.2,8.8,1.7
2514,"Valuadores, subastadores y rematadores",sinco-2514,professional-technical,Profesionistas y técnicos,Profesionistas y técnicos,27213,10000,51.1,48.0,Preparatoria,33.6,98.7,92.2
5314,Vigilantes y porteros en casas particulares,sinco-5314,personal-services,Servicios personales y vigilancia,Trabajadores en servicios personales y vigilancia,27028,6450,26.8,60.0,Secundaria,5.6,24.2,24.6
2513,Tramitadores aduanales,sinco-2513,professional-technical,Profesionistas y técnicos,Profesionistas y técnicos,26901,12900,69.8,45.0,Profesional (licenciatura),62.6,88.4,86.5
9711,"Trabajadores de paquetería, maleteros y botones de hotel",sinco-9711,elementary-support,Actividades elementales,Trabajadores en actividades elementales y de apoyo,26801,7740,43.6,48.0,Preparatoria,17.5,71.4,71.4
2714,Instructores en idiomas extranjeros,sinco-2714,professional-technical,Profesionistas y técnicos,Profesionistas y técnicos,26263,6500,100.0,15.0,Profesional (licenciatura),75.0,18.1,14.0
7312,Pintores y barnizadores de madera,sinco-7312,crafts-trades,Artesanos y oficios,Trabajadores artesanales,26096,9460,50.0,48.0,Secundaria,5.8,32.3,32.1
3201,Supervisores de trabajadores que brindan y manejan información,sinco-3201,administrative-support,Auxiliares administrativos,Trabajadores auxiliares en actividades administrativas,26091,19000,103.6,40.0,Profesional (licenciatura),62.6,97.6,83.8
2152,Periodistas y redactores,sinco-2152,professional-technical,Profesionistas y técnicos,Profesionistas y técnicos,25699,14000,67.8,46.0,Profesional (licenciatura),86.9,66.8,56.2
8301,Supervisores de conductores de transporte y de maquinaria móvil,sinco-8301,operators-drivers,Operadores y conductores,"Operadores de maquinaria industrial, ensambladores, choferes y conductores de transporte",25336,12900,66.4,48.0,Profesional (licenciatura),40.9,89.7,81.3
2173,Cantantes,sinco-2173,professional-technical,Profesionistas y técnicos,Profesionistas y técnicos,25019,10750,107.1,17.0,Profesional (licenciatura),36.3,13.9,6.8
5311,Bomberos,sinco-5311,personal-services,Servicios personales y vigilancia,Trabajadores en servicios personales y vigilancia,24809,13000,54.9,60.0,Secundaria,16.9,91.0,91.3
1422,"Directores y gerentes de museos, cines y otros establecimientos deportivos y culturales",sinco-1422,management,Funcionarios y directivos,"Funcionarios, directores y jefes",24695,12000,58.1,40.0,Profesional (licenciatura),67.6,84.1,39.1
2311,Supervisores e inspectores educativos,sinco-2311,professional-technical,Profesionistas y técnicos,Profesionistas y técnicos,24042,20000,116.3,40.0,Profesional (licenciatura),93.2,94.6,94.6
8172,"Operadores de máquinas en la elaboración de productos de cerámica, mosaico, azulejo y similares",sinco-8172,operators-drivers,Operadores y conductores,"Operadores de maquinaria industrial, ensambladores, choferes y conductores de transporte",23998,8600,41.1,48.0,Secundaria,8.8,72.8,72.8
1722,"Coordinadores y jefes de área en museos, cines, deportivos y servicios culturales",sinco-1722,management,Funcionarios y directivos,"Funcionarios, directores y jefes",23875,16000,85.3,40.0,Profesional (licenciatura),71.4,78.1,71.7
8142,"Operadores de máquinas para la elaboración de productos de madera, bejuco, mimbre y similares",sinco-8142,operators-drivers,Operadores y conductores,"Operadores de maquinaria industrial, ensambladores, choferes y conductores de transporte",23845,7740,41.7,48.0,Secundaria,10.6,91.0,94.2
2231,Agrónomos,sinco-2231,professional-technical,Profesionistas y técnicos,Profesionistas y técnicos,23737,15000,77.5,45.0,Profesional (licenciatura),100.0,66.3,58.2
7412,Trabajadores en la elaboración de sustancias y productos químicos,sinco-7412,crafts-trades,Artesanos y oficios,Trabajadores artesanales,23362,8600,41.7,45.0,Primaria,19.8,27.6,25.4
2653,Auxiliares y técnicos de equipos de grabación y reproducción de video,sinco-2653,professional-technical,Profesionistas y técnicos,Profesionistas y técnicos,22972,14000,71.4,40.0,Profesional (licenciatura),58.2,60.9,41.4
8141,Operadores de máquinas para el tratamiento de la madera y elaboración de aglomerados y triplay,sinco-8141,operators-drivers,Operadores y conductores,"Operadores de maquinaria industrial, ensambladores, choferes y conductores de transporte",22868,8600,44.6,48.0,Secundaria,0.6,53.8,51.1
3141,Despachadores de transporte,sinco-3141,administrative-support,Auxiliares administrativos,Trabajadores auxiliares en actividades administrativas,22802,10750,55.6,45.0,Preparatoria,28.0,85.4,88.0
8999,"Otros operadores de maquinaria industrial, ensambladores y conductores de transporte, no clasificados anteriormente",sinco-8999,operators-drivers,Operadores y conductores,"Operadores de maquinaria industrial, ensambladores, choferes y conductores de transporte",22656,8600,41.8,47.0,Preparatoria,6.6,98.0,98.9
1526,Coordinadores y jefes de área en servicios de vigilancia y seguridad,sinco-1526,management,Funcionarios y directivos,"Funcionarios, directores y jefes",22637,12900,55.6,54.0,Profesional (licenciatura),47.4,94.1,94.1
2145,"Sacerdotes, pastores y otros teólogos",sinco-2145,professional-technical,Profesionistas y técnicos,Profesionistas y técnicos,22124,10000,66.4,40.0,Profesional (licenciatura),46.3,32.8,32.3
8143,"Operadores de máquinas en la elaboración de celulosa, papel y similares",sinco-8143,operators-drivers,Operadores y conductores,"Operadores de maquinaria industrial, ensambladores, choferes y conductores de transporte",22062,9460,45.8,48.0,Secundaria,5.6,99.2,99.2
4311,Trabajadores en servicios de alquiler inmobiliario,sinco-4311,sales,Comerciantes y ventas,"Comerciantes, empleados en ventas y agentes de ventas",21442,20000,750.0,8.0,Normal/Técnica,26.4,23.6,1.2
2281,Ingenieros en comunicaciones y telecomunicaciones,sinco-2281,professional-technical,Profesionistas y técnicos,Profesionistas y técnicos,21411,24600,93.0,40.0,Profesional (licenciatura),100.0,87.3,69.6
7501,"Supervisores de trabajadores en la elaboración y procesamiento de alimentos, bebidas y productos de tabaco",sinco-7501,crafts-trades,Artesanos y oficios,Trabajadores artesanales,21229,11600,56.2,48.0,Profesional (licenciatura),44.3,62.9,58.1
2541,Diseñadores de moda y vestuario,sinco-2541,professional-technical,Profesionistas y técnicos,Profesionistas y técnicos,20963,15000,581.4,36.0,Preparatoria,43.4,29.5,21.4
2614,"Auxiliares y técnicos en veterinaria, pesca y forestación",sinco-2614,professional-technical,Profesionistas y técnicos,Profesionistas y técnicos,20846,8600,42.9,45.0,Profesional (licenciatura),38.3,54.9,50.0
2438,Farmacólogos,sinco-2438,professional-technical,Profesionistas y técnicos,Profesionistas y técnicos,20726,10750,61.0,40.0,Profesional (licenciatura),100.0,84.4,83.7
2241,Ingenieros eléctricos,sinco-2241,professional-technical,Profesionistas y técnicos,Profesionistas y técnicos,20704,18490,100.0,47.0,Profesional (licenciatura),100.0,78.4,68.1
2625,Dibujantes técnicos,sinco-2625,professional-technical,Profesionistas y técnicos,Profesionistas y técnicos,20688,10750,58.1,48.0,Profesional (licenciatura),38.4,64.5,58.0
8113,"Operadores de máquinas y equipos para la captación, bombeo y distribución de agua",sinco-8113,operators-drivers,Operadores y conductores,"Operadores de maquinaria industrial, ensambladores, choferes y conductores de transporte",20598,10000,45.5,44.0,Secundaria,29.6,70.1,70.4
1423,Directores y gerentes en servicios funerarios y otros servicios,sinco-1423,management,Funcionarios y directivos,"Funcionarios, directores y jefes",20377,12040,75.0,48.0,Preparatoria,35.2,76.8,36.4
5113,Cocineros domésticos,sinco-5113,personal-services,Servicios personales y vigilancia,Trabajadores en servicios personales y vigilancia,20215,3870,37.5,25.0,Secundaria,7.2,4.4,4.4
9651,Ayudantes de jardineros,sinco-9651,elementary-support,Actividades elementales,Trabajadores en actividades elementales y de apoyo,20064,6000,43.6,40.0,Secundaria,6.6,15.8,16.2
2521,Oficiales del ministerio público y detectives,sinco-2521,professional-technical,Profesionistas y técnicos,Profesionistas y técnicos,19921,14000,67.8,40.0,Profesional (licenciatura),89.9,88.4,87.7
2221,Biólogos y profesionistas en ciencias del mar y oceanógrafos,sinco-2221,professional-technical,Profesionistas y técnicos,Profesionistas y técnicos,19639,16000,87.2,45.0,Profesional (licenciatura),100.0,93.8,75.1
8173,Operadores de máquinas en la elaboración de vidrio y productos de vidrio y similares,sinco-8173,operators-drivers,Operadores y conductores,"Operadores de maquinaria industrial, ensambladores, choferes y conductores de transporte",19462,9030,46.0,48.0,Secundaria,3.0,100.0,100.0
9731,Lecturistas de medidores,sinco-9731,elementary-support,Actividades elementales,Trabajadores en actividades elementales y de apoyo,19375,10000,48.4,40.0,Profesional (licenciatura),52.8,96.9,96.9
8155,"Operadores de máquinas de lavado, blanqueo, teñido, estampado, afelpado, planchado y acabado de productos textiles",sinco-8155,operators-drivers,Operadores y conductores,"Operadores de maquinaria industrial, ensambladores, choferes y conductores de transporte",19326,7310,33.9,45.0,Secundaria,0.0,77.7,77.7
2815,Técnicos de prótesis médicas y dentales,sinco-2815,professional-technical,Profesionistas y técnicos,Profesionistas y técnicos,19146,8600,50.0,44.0,Normal/Técnica,9.4,50.5,15.8
2622,"Auxiliares y técnicos topógrafos, en hidrología y geología",sinco-2622,professional-technical,Profesionistas y técnicos,Profesionistas y técnicos,18938,11610,53.6,46.0,Secundaria,18.6,79.0,75.2
1221,"Directores y gerentes en servicios de salud, protección civil y medio ambiente",sinco-1221,management,Funcionarios y directivos,"Funcionarios, directores y jefes",18936,26000,168.0,40.0,Profesional (licenciatura),96.5,84.6,70.7
1712,Coordinadores y jefes de área de restaurantes y hoteles,sinco-1712,management,Funcionarios y directivos,"Funcionarios, directores y jefes",18933,12900,60.3,48.0,Preparatoria,27.5,78.9,70.4
2422,Cirujanos,sinco-2422,professional-technical,Profesionistas y técnicos,Profesionistas y técnicos,18898,32000,139.5,40.0,Maestría,100.0,94.1,67.2
1321,Directores y gerentes en informática,sinco-1321,management,Funcionarios y directivos,"Funcionarios, directores y jefes",18895,32000,145.3,45.0,Profesional (licenciatura),99.3,85.9,81.3
5253,Trabajadores en servicios funerarios,sinco-5253,personal-services,Servicios personales y vigilancia,Trabajadores en servicios personales y vigilancia,18822,8000,41.7,48.0,Preparatoria,22.9,66.7,66.5
2624,"Auxiliares y técnicos en ingeniería civil, en construcción y arquitectura",sinco-2624,professional-technical,Profesionistas y técnicos,Profesionistas y técnicos,18805,10320,63.6,45.0,Profesional (licenciatura),59.3,57.7,55.3
2631,Técnicos en mantenimiento y reparación de vehículos de motor,sinco-2631,professional-technical,Profesionistas y técnicos,Profesionistas y técnicos,18727,12900,72.4,48.0,Profesional (licenciatura),31.4,68.1,65.6
2813,Técnicos de laboratorios médicos,sinco-2813,professional-technical,Profesionistas y técnicos,Profesionistas y técnicos,18686,12000,69.8,48.0,Profesional (licenciatura),39.5,82.0,82.9
9632,Lavadores de vehículos en vía pública,sinco-9632,elementary-support,Actividades elementales,Trabajadores en actividades elementales y de apoyo,18569,5160,45.7,25.0,Primaria,3.5,0.9,0.0
2645,Técnicos en reparación de equipos electromecánicos,sinco-2645,professional-technical,Profesionistas y técnicos,Profesionistas y técnicos,18519,15050,82.7,48.0,Profesional (licenciatura),47.1,97.2,91.7
7222,"Cerrajeros, afiladores y pulidores de metales y herramientas",sinco-7222,crafts-trades,Artesanos y oficios,Trabajadores artesanales,18477,7740,40.0,48.0,Secundaria,13.6,38.9,13.9
2161,Pintores,sinco-2161,professional-technical,Profesionistas y técnicos,Profesionistas y técnicos,18346,10750,62.5,30.0,Profesional (licenciatura),48.2,16.5,1.4
2343,Otros profesores de enseñanza especial,sinco-2343,professional-technical,Profesionistas y técnicos,Profesionistas y técnicos,18307,12000,104.7,26.0,Profesional (licenciatura),93.5,87.8,87.8
2153,Traductores e intérpretes,sinco-2153,professional-technical,Profesionistas y técnicos,Profesionistas y técnicos,18264,15000,77.5,40.0,Profesional (licenciatura),83.2,63.4,47.6
3222,"Guías de turismo en museos, casinos, parques, cines y otros centros recreativos",sinco-3222,administrative-support,Auxiliares administrativos,Trabajadores auxiliares en actividades administrativas,17837,12000,50.0,48.0,Profesional (licenciatura),30.3,48.3,40.3
6125,Trabajadores en la cría de equinos,sinco-6125,agriculture,Agropecuario y pesca,"Trabajadores en actividades agrícolas, ganaderas, forestales, caza y pesca",17809,9030,42.9,40.0,Secundaria,4.4,15.5,15.3
1522,Coordinadores y jefes de área en desarrollo social y económico,sinco-1522,management,Funcionarios y directivos,"Funcionarios, directores y jefes",17783,16000,82.7,40.0,Profesional (licenciatura),79.7,85.1,86.2
6225,Cortadores de leña,sinco-6225,agriculture,Agropecuario y pesca,"Trabajadores en actividades agrícolas, ganaderas, forestales, caza y pesca",17656,4515,50.0,35.0,Primaria,0.0,12.1,6.4
8111,Operadores de máquinas y equipos para la extracción y beneficio en minas y canteras,sinco-8111,operators-drivers,Operadores y conductores,"Operadores de maquinaria industrial, ensambladores, choferes y conductores de transporte",17293,13760,59.5,56.0,Secundaria,10.4,74.0,74.0
2523,Agentes de recaudación tributaria y de expedición de licencias,sinco-2523,professional-technical,Profesionistas y técnicos,Profesionistas y técnicos,16377,9600,44.7,45.0,Profesional (licenciatura),70.1,85.4,91.7
7223,"Joyeros, orfebres, plateros y pulidores de metales preciosos",sinco-7223,crafts-trades,Artesanos y oficios,Trabajadores artesanales,16335,6450,41.7,40.0,Preparatoria,17.2,11.2,3.1
8171,"Operadores de máquinas en la elaboración de cemento, cal, yeso y productos de cemento",sinco-8171,operators-drivers,Operadores y conductores,"Operadores de maquinaria industrial, ensambladores, choferes y conductores de transporte",16298,10750,55.6,48.0,Secundaria,5.8,94.9,94.9
1421,"Directores y productores artísticos de cine, teatro y afines",sinco-1421,management,Funcionarios y directivos,"Funcionarios, directores y jefes",15889,30000,193.8,45.0,Profesional (licenciatura),97.5,85.0,56.3
2426,Pediatras,sinco-2426,professional-technical,Profesionistas y técnicos,Profesionistas y técnicos,15880,16000,85.3,36.0,Maestría,100.0,73.8,63.6
6221,"Taladores, trocadores, cortadores de árboles y similares",sinco-6221,agriculture,Agropecuario y pesca,"Trabajadores en actividades agrícolas, ganaderas, forestales, caza y pesca",15740,7500,50.0,40.0,Secundaria,1.5,34.6,27.7
8331,"Conductores de transporte en vías férreas (tren, metro y tren ligero)",sinco-8331,operators-drivers,Operadores y conductores,"Operadores de maquinaria industrial, ensambladores, choferes y conductores de transporte",15723,25000,71.2,40.0,Preparatoria,29.8,100.0,90.5
7111,Mineros y trabajadores en la extracción en minas de minerales metálicos,sinco-7111,crafts-trades,Artesanos y oficios,Trabajadores artesanales,15182,10750,55.6,48.0,Secundaria,1.8,67.5,67.5
7123,Carpinteros de obra negra,sinco-7123,crafts-trades,Artesanos y oficios,Trabajadores artesanales,14995,15050,57.4,48.0,Secundaria,0.0,47.0,47.0
2262,"Ingenieros en topografía, hidrología, geología y geodesia",sinco-2262,professional-technical,Profesionistas y técnicos,Profesionistas y técnicos,14594,14000,93.0,45.0,Profesional (licenciatura),100.0,72.5,54.7
2542,Diseñadores industriales,sinco-2542,professional-technical,Profesionistas y técnicos,Profesionistas y técnicos,14510,20000,121.2,45.0,Profesional (licenciatura),87.1,94.2,74.3
2251,Ingenieros químicos,sinco-2251,professional-technical,Profesionistas y técnicos,Profesionistas y técnicos,14416,20000,96.9,40.0,Profesional (licenciatura),100.0,93.0,90.8
1224,"Jueces de juzgado, directores y gerentes en servicios legales y procuración de justicia",sinco-1224,management,Funcionarios y directivos,"Funcionarios, directores y jefes",14356,15000,87.2,40.0,Profesional (licenciatura),90.4,87.5,77.9
8144,Operadores de máquinas para la impresión y encuadernación,sinco-8144,operators-drivers,Operadores y conductores,"Operadores de maquinaria industrial, ensambladores, choferes y conductores de transporte",14301,9030,42.0,48.0,Secundaria,15.3,77.0,78.5
4232,Edecanes,sinco-4232,sales,Comerciantes y ventas,"Comerciantes, empleados en ventas y agentes de ventas",14241,13000,67.8,48.0,Preparatoria,25.5,69.9,69.9
7112,"Trabajadores en la extracción de cantera, arcilla, arena, piedra y grava",sinco-7112,crafts-trades,Artesanos y oficios,Trabajadores artesanales,14069,6450,52.1,40.0,Secundaria,15.8,10.7,10.4
8199,"Otros operadores de instalaciones y maquinaria fija industrial, no clasificados anteriormente",sinco-8199,operators-drivers,Operadores y conductores,"Operadores de maquinaria industrial, ensambladores, choferes y conductores de transporte",14029,10320,54.2,48.0,Preparatoria,4.9,100.0,100.0
2826,"Curanderos, hierberos y hueseros",sinco-2826,professional-technical,Profesionistas y técnicos,Profesionistas y técnicos,13920,6450,53.6,15.0,Sin escolaridad,4.9,0.0,0.0
1621,Coordinadores y jefes de área en informática,sinco-1621,management,Funcionarios y directivos,"Funcionarios, directores y jefes",13797,21000,88.8,40.0,Profesional (licenciatura),86.7,100.0,99.1
7301,"Supervisores de artesanos y trabajadores en la elaboración de productos de madera, papel, textiles y de cuero y piel",sinco-7301,crafts-trades,Artesanos y oficios,Trabajadores artesanales,13747,10750,52.1,48.0,Secundaria,24.7,48.6,41.8
7214,Montadores de estructuras metálicas,sinco-7214,crafts-trades,Artesanos y oficios,Trabajadores artesanales,13393,12900,55.6,48.0,Primaria,15.7,74.3,73.8
2522,Agentes aduanales y fronterizos,sinco-2522,professional-technical,Profesionistas y técnicos,Profesionistas y técnicos,13273,12900,67.8,43.0,Profesional (licenciatura),74.6,97.0,94.5
9239,"Trabajadores de apoyo en la industria, no clasificados anteriormente",sinco-9239,elementary-support,Actividades elementales,Trabajadores en actividades elementales y de apoyo,13263,11180,61.1,45.0,Secundaria,6.5,84.9,84.9
1723,Coordinadores y jefes de área en servicios funerarios y otros servicios,sinco-1723,management,Funcionarios y directivos,"Funcionarios, directores y jefes",13171,10000,41.7,55.0,Preparatoria,12.2,76.5,62.8
5412,Trabajadores de la Armada,sinco-5412,personal-services,Servicios personales y vigilancia,Trabajadores en servicios personales y vigilancia,12459,17000,62.0,66.0,Preparatoria,4.3,100.0,100.0
1622,Coordinadores y jefes de área en comunicación y telecomunicaciones,sinco-1622,management,Funcionarios y directivos,"Funcionarios, directores y jefes",12128,20000,98.8,40.0,Profesional (licenciatura),92.5,87.5,68.0
2272,Administradores de bases de datos y redes de computadora,sinco-2272,professional-technical,Profesionistas y técnicos,Profesionistas y técnicos,11802,10000,69.8,42.0,Profesional (licenciatura),100.0,85.8,84.1
2421,Anestesiólogos,sinco-2421,professional-technical,Profesionistas y técnicos,Profesionistas y técnicos,11674,38000,252.5,36.0,Maestría,100.0,91.1,87.0
6128,Trabajadores en actividades de beneficio de productos pecuarios,sinco-6128,agriculture,Agropecuario y pesca,"Trabajadores en actividades agrícolas, ganaderas, forestales, caza y pesca",11583,9460,45.8,48.0,Secundaria,2.2,73.0,73.0
2428,Radiólogos,sinco-2428,professional-technical,Profesionistas y técnicos,Profesionistas y técnicos,11582,12000,69.8,40.0,Profesional (licenciatura),98.2,97.2,90.6
2563,Árbitros y jueces deportivos,sinco-2563,professional-technical,Profesionistas y técnicos,Profesionistas y técnicos,11493,6450,75.0,12.0,Profesional (licenciatura),56.4,10.7,4.6
2662,"Controladores de tráfico de otros transportes (terrestre, ferroviario y marítimo)",sinco-2662,professional-technical,Profesionistas y técnicos,Profesionistas y técnicos,11364,12000,60.0,48.0,Profesional (licenciatura),53.2,93.1,95.8
1613,Coordinadores y jefes de área en generación y provisión de energía eléctrica y agua,sinco-1613,management,Funcionarios y directivos,"Funcionarios, directores y jefes",11308,9600,54.3,45.0,Profesional (licenciatura),44.7,85.6,75.7
1322,Directores y gerentes en comunicación y telecomunicaciones,sinco-1322,management,Funcionarios y directivos,"Funcionarios, directores y jefes",11168,23000,133.7,40.0,Profesional (licenciatura),99.4,82.2,80.0
1222,Directores y gerentes en desarrollo social y económico,sinco-1222,management,Funcionarios y directivos,"Funcionarios, directores y jefes",10760,12900,73.0,40.0,Profesional (licenciatura),79.7,78.0,74.4
6226,"Trabajadores en actividades de recolección de plantas, hierbas y raíces no cultivadas",sinco-6226,agriculture,Agropecuario y pesca,"Trabajadores en actividades agrícolas, ganaderas, forestales, caza y pesca",10462,7525,52.6,33.0,Primaria,0.0,15.7,8.0
8112,Operadores de máquinas y equipos para la extracción en pozos petroleros,sinco-8112,operators-drivers,Operadores y conductores,"Operadores de maquinaria industrial, ensambladores, choferes y conductores de transporte",10262,9890,47.9,48.0,Preparatoria,18.5,95.0,100.0
2636,Mecánicos en mantenimiento y reparación de instrumentos de precisión y musicales,sinco-2636,professional-technical,Profesionistas y técnicos,Profesionistas y técnicos,10043,7310,39.6,48.0,Secundaria,29.2,60.8,33.5
9642,Planchadores y tintoreros en establecimientos,sinco-9642,elementary-support,Actividades elementales,Trabajadores en actividades elementales y de apoyo,10022,2580,37.8,30.0,Secundaria,12.4,26.0,20.4
2524,"Inspectores en seguridad social, de precios y otros inspectores públicos",sinco-2524,professional-technical,Profesionistas y técnicos,Profesionistas y técnicos,10011,9000,59.8,45.0,Profesional (licenciatura),70.4,73.1,73.1
3114,Operadores de máquinas de oficina,sinco-3114,administrative-support,Auxiliares administrativos,Trabajadores auxiliares en actividades administrativas,9993,4300,22.8,40.0,Preparatoria,33.8,37.0,27.8
1311,"Directores y gerentes en producción agropecuaria, silvícola y pesquera",sinco-1311,management,Funcionarios y directivos,"Funcionarios, directores y jefes",9641,10000,187.5,36.0,Profesional (licenciatura),56.7,63.9,36.5
9211,Trabajadores de apoyo en la minería,sinco-9211,elementary-support,Actividades elementales,Trabajadores en actividades elementales y de apoyo,9617,7740,42.3,48.0,Secundaria,3.4,59.8,59.8
6201,"Supervisores, encargados y capataces de trabajadores en actividades pesqueras, acuícolas, forestales, caza y similares",sinco-6201,agriculture,Agropecuario y pesca,"Trabajadores en actividades agrícolas, ganaderas, forestales, caza y pesca",9509,9890,41.7,46.0,Secundaria,36.4,49.4,47.3
8114,Operadores de equipos portátiles especializados para la construcción,sinco-8114,operators-drivers,Operadores y conductores,"Operadores de maquinaria industrial, ensambladores, choferes y conductores de transporte",9336,12900,60.9,46.0,Primaria,1.7,69.0,70.0
1113,Presidentes y autoridades municipales,sinco-1113,management,Funcionarios y directivos,"Funcionarios, directores y jefes",9242,6000,34.9,41.0,Profesional (licenciatura),58.9,30.1,32.2
9321,Conductores de vehículos de transporte en bicicleta,sinco-9321,elementary-support,Actividades elementales,Trabajadores en actividades elementales y de apoyo,9145,5160,19.9,56.0,Primaria,0.0,0.0,0.0
2164,Escenógrafos,sinco-2164,professional-technical,Profesionistas y técnicos,Profesionistas y técnicos,9056,16000,51.7,50.0,Profesional (licenciatura),31.8,80.8,52.1
2342,Profesores de personas con problemas de aprendizaje,sinco-2342,professional-technical,Profesionistas y técnicos,Profesionistas y técnicos,9031,13000,93.0,25.0,Profesional (licenciatura),97.9,87.8,88.3
1721,"Coordinadores y jefes de área en actividades artísticas, de cine, teatro y afines",sinco-1721,management,Funcionarios y directivos,"Funcionarios, directores y jefes",8942,20000,103.4,45.0,Profesional (licenciatura),88.5,80.5,60.8
6212,Trabajadores en actividades de acuacultura,sinco-6212,agriculture,Agropecuario y pesca,"Trabajadores en actividades agrícolas, ganaderas, forestales, caza y pesca",8884,8600,33.9,56.0,Secundaria,10.5,70.9,65.4
2333,Alfabetizadores,sinco-2333,professional-technical,Profesionistas y técnicos,Profesionistas y técnicos,8839,4500,41.9,9.0,Profesional (licenciatura),57.0,22.9,25.6
7999,Otros trabajadores artesanales no clasificados anteriormente,sinco-7999,crafts-trades,Artesanos y oficios,Trabajadores artesanales,8689,3010,27.9,39.0,Profesional (licenciatura),27.8,24.4,7.9
2423,Ginecólogos y obstetras,sinco-2423,professional-technical,Profesionistas y técnicos,Profesionistas y técnicos,8673,28000,116.3,40.0,Maestría,100.0,95.5,73.6
2144,"Profesionistas en archivonomía, biblioteconomía y museografía",sinco-2144,professional-technical,Profesionistas y técnicos,Profesionistas y técnicos,8657,9200,69.8,35.0,Profesional (licenciatura),100.0,97.6,97.6
1132,Directores de organizaciones sindicales,sinco-1132,management,Funcionarios y directivos,"Funcionarios, directores y jefes",8341,20000,116.3,40.0,Preparatoria,24.4,86.0,86.0
9624,Limpiadores de calzado,sinco-9624,elementary-support,Actividades elementales,Trabajadores en actividades elementales y de apoyo,8286,5160,33.3,48.0,Secundaria,0.0,7.8,0.0
2991,Otros profesionistas no clasificados anteriormente,sinco-2991,professional-technical,Profesionistas y técnicos,Profesionistas y técnicos,8268,12000,126.0,40.0,Profesional (licenciatura),77.6,76.7,10.8
8135,Operadores de máquinas y equipos para la refinación del petróleo y gas,sinco-8135,operators-drivers,Operadores y conductores,"Operadores de maquinaria industrial, ensambladores, choferes y conductores de transporte",8195,30000,124.6,49.0,Profesional (licenciatura),65.6,100.0,100.0
7352,"Peleteros, cortadores, curtidores y teñidores de cuero, piel y similares",sinco-7352,crafts-trades,Artesanos y oficios,Trabajadores artesanales,8146,6450,40.0,48.0,Secundaria,6.7,37.4,24.5
5201,Supervisores y encargados de trabajadores en cuidados personales y del hogar,sinco-5201,personal-services,Servicios personales y vigilancia,Trabajadores en servicios personales y vigilancia,7870,7600,44.2,48.0,Profesional (licenciatura),34.3,52.3,33.1
2432,Optometristas,sinco-2432,professional-technical,Profesionistas y técnicos,Profesionistas y técnicos,7868,14000,70.5,48.0,Profesional (licenciatura),100.0,66.7,47.0
2816,Técnicos dietistas y nutriólogos,sinco-2816,professional-technical,Profesionistas y técnicos,Profesionistas y técnicos,7786,8000,69.8,36.0,Profesional (licenciatura),36.2,54.6,41.3
9124,Recolectores de leña y acarreadores de agua,sinco-9124,elementary-support,Actividades elementales,Trabajadores en actividades elementales y de apoyo,7546,3440,37.5,16.0,Primaria,0.0,0.7,0.0
7122,"Techadores (colocadores de palapas, etcétera)",sinco-7122,crafts-trades,Artesanos y oficios,Trabajadores artesanales,7478,12040,55.6,50.0,Secundaria,16.6,18.9,20.5
2212,"Investigadores y profesionistas en matemáticas, estadística y actuaría",sinco-2212,professional-technical,Profesionistas y técnicos,Profesionistas y técnicos,7401,26000,102.3,40.0,Profesional (licenciatura),100.0,98.9,98.9
8134,Operadores de máquinas para el tratamiento de agua,sinco-8134,operators-drivers,Operadores y conductores,"Operadores de maquinaria industrial, ensambladores, choferes y conductores de transporte",7203,9000,57.5,40.0,Secundaria,6.0,61.6,61.6
8321,Capitanes y conductores de transporte marítimo,sinco-8321,operators-drivers,Operadores y conductores,"Operadores de maquinaria industrial, ensambladores, choferes y conductores de transporte",7188,20000,72.7,64.0,Secundaria,25.8,64.3,63.1
2223,Ecólogos y profesionistas en ciencias atmosféricas,sinco-2223,professional-technical,Profesionistas y técnicos,Profesionistas y técnicos,7089,15910,116.3,40.0,Profesional (licenciatura),100.0,77.0,62.4
2133,Investigadores y profesionistas en ciencias políticas y administración pública,sinco-2133,professional-technical,Profesionistas y técnicos,Profesionistas y técnicos,7084,20000,132.9,45.0,Profesional (licenciatura),100.0,83.5,79.2
6227,Productores de carbón vegetal,sinco-6227,agriculture,Agropecuario y pesca,"Trabajadores en actividades agrícolas, ganaderas, forestales, caza y pesca",7052,7740,41.7,48.0,Primaria,3.8,81.6,4.8
2131,"Antropólogos, arqueólogos e historiadores",sinco-2131,professional-technical,Profesionistas y técnicos,Profesionistas y técnicos,7023,17000,139.5,42.0,Profesional (licenciatura),100.0,59.1,46.5
6224,"Trabajadores en actividades de plantación, reforestación y conservación de bosques",sinco-6224,agriculture,Agropecuario y pesca,"Trabajadores en actividades agrícolas, ganaderas, forestales, caza y pesca",6842,6250,58.1,20.0,Primaria,1.0,29.0,11.7
8324,"Conductores de pequeñas embarcaciones (lanchas, botes, trajineras, etcétera)",sinco-8324,operators-drivers,Operadores y conductores,"Operadores de maquinaria industrial, ensambladores, choferes y conductores de transporte",6812,12040,66.7,42.0,Preparatoria,9.5,13.2,11.7
1226,Directores en servicios de vigilancia y seguridad,sinco-1226,management,Funcionarios y directivos,"Funcionarios, directores y jefes",6791,20000,103.4,45.0,Profesional (licenciatura),62.7,85.3,84.6
1313,Directores y gerentes en generación y provisión de energía eléctrica y agua,sinco-1313,management,Funcionarios y directivos,"Funcionarios, directores y jefes",6741,9000,46.5,40.0,Maestría,67.7,89.4,89.4
2533,Monjas y predicadores,sinco-2533,professional-technical,Profesionistas y técnicos,Profesionistas y técnicos,6681,5160,69.8,30.0,Profesional (licenciatura),44.1,31.0,31.0
7331,Trabajadores en la preparación de fibras e hilados,sinco-7331,crafts-trades,Artesanos y oficios,Trabajadores artesanales,6645,6450,38.2,45.0,Primaria,1.8,18.5,16.7
9511,Vendedores ambulantes de periódicos y lotería,sinco-9511,elementary-support,Actividades elementales,Trabajadores en actividades elementales y de apoyo,6542,6020,50.0,35.0,Secundaria,5.7,0.0,0.0
2817,Técnicos en medicina alternativa,sinco-2817,professional-technical,Profesionistas y técnicos,Profesionistas y técnicos,6470,10000,73.5,30.0,Normal/Técnica,26.0,65.1,0.0
2553,"Payasos, mimos y cirqueros",sinco-2553,professional-technical,Profesionistas y técnicos,Profesionistas y técnicos,6419,10000,100.0,42.0,Profesional (licenciatura),39.2,53.4,50.9
2151,Escritores y críticos literarios,sinco-2151,professional-technical,Profesionistas y técnicos,Profesionistas y técnicos,6398,10000,155.0,35.0,Profesional (licenciatura),85.2,15.6,1.6
2175,Actores,sinco-2175,professional-technical,Profesionistas y técnicos,Profesionistas y técnicos,6378,28000,155.0,32.0,Profesional (licenciatura),90.6,80.7,43.1
2174,Bailarines y coreógrafos,sinco-2174,professional-technical,Profesionistas y técnicos,Profesionistas y técnicos,6283,8000,111.6,24.0,Preparatoria,24.6,41.1,28.5
9122,Trabajadores de apoyo en actividades de acuicultura y pesca,sinco-9122,elementary-support,Actividades elementales,Trabajadores en actividades elementales y de apoyo,6263,6020,27.8,41.0,Secundaria,0.0,6.6,6.6
1121,Presidentes y directores generales en instituciones públicas,sinco-1121,management,Funcionarios y directivos,"Funcionarios, directores y jefes",6249,21000,103.4,45.0,Profesional (licenciatura),96.1,88.1,88.1
6126,Trabajadores en la apicultura,sinco-6126,agriculture,Agropecuario y pesca,"Trabajadores en actividades agrícolas, ganaderas, forestales, caza y pesca",6244,12900,68.2,42.0,Preparatoria,5.7,41.2,3.6
2211,Investigadores y profesionistas en física y astronomía,sinco-2211,professional-technical,Profesionistas y técnicos,Profesionistas y técnicos,6194,27000,38.8,48.0,Maestría,100.0,68.5,68.5
5251,"Astrólogos, adivinadores y afines",sinco-5251,personal-services,Servicios personales y vigilancia,Trabajadores en servicios personales y vigilancia,6163,8600,150.0,28.0,Maestría,60.2,0.0,0.0
7344,"Patronistas de productos textiles, cuero, piel y similares",sinco-7344,crafts-trades,Artesanos y oficios,Trabajadores artesanales,5897,5160,32.0,56.0,Secundaria,0.8,18.8,18.8
9721,Carteros (a pie o en bicicleta),sinco-9721,elementary-support,Actividades elementales,Trabajadores en actividades elementales y de apoyo,5884,13000,75.6,44.0,Preparatoria,9.4,77.8,81.4
7201,Supervisores de artesanos y trabajadores en el tratamiento y elaboración de productos de metal,sinco-7201,crafts-trades,Artesanos y oficios,Trabajadores artesanales,5847,25000,116.3,50.0,Preparatoria,32.4,88.6,85.8
2163,Escultores,sinco-2163,professional-technical,Profesionistas y técnicos,Profesionistas y técnicos,5810,5000,40.1,45.0,Profesional (licenciatura),86.9,53.5,50.7
2635,Técnicos en mantenimiento y reparación de instrumentos de precisión y musicales,sinco-2635,professional-technical,Profesionistas y técnicos,Profesionistas y técnicos,5752,15050,71.7,45.0,Preparatoria,19.7,74.9,74.9
2424,Médicos internos,sinco-2424,professional-technical,Profesionistas y técnicos,Profesionistas y técnicos,5738,30000,188.6,40.0,Maestría,100.0,100.0,79.3
4233,"Modelos de moda, arte y publicidad",sinco-4233,sales,Comerciantes y ventas,"Comerciantes, empleados en ventas y agentes de ventas",5735,30000,436.0,33.0,Profesional (licenciatura),100.0,41.2,41.2
2652,Técnicos en operaciones de equipos de radio,sinco-2652,professional-technical,Profesionistas y técnicos,Profesionistas y técnicos,5677,12900,55.6,48.0,Preparatoria,26.7,83.0,81.4
2339,"Otros profesores de nivel básico, no clasificados anteriormente",sinco-2339,professional-technical,Profesionistas y técnicos,Profesionistas y técnicos,5316,8000,73.1,40.0,Profesional (licenciatura),76.4,81.9,85.5
1611,"Coordinadores y jefes de área en producción agropecuaria, silvícola y pesquera",sinco-1611,management,Funcionarios y directivos,"Funcionarios, directores y jefes",5279,10000,50.0,48.0,Profesional (licenciatura),76.7,62.8,62.8
8181,Operadores de máquinas e instalaciones para la generación de energía,sinco-8181,operators-drivers,Operadores y conductores,"Operadores de maquinaria industrial, ensambladores, choferes y conductores de transporte",5242,11180,54.2,48.0,Secundaria,24.6,96.9,100.0
3232,Codificadores de información,sinco-3232,administrative-support,Auxiliares administrativos,Trabajadores auxiliares en actividades administrativas,5172,16000,79.5,45.0,Profesional (licenciatura),93.3,100.0,100.0
5231,Azafatas y sobrecargos,sinco-5231,personal-services,Servicios personales y vigilancia,Trabajadores en servicios personales y vigilancia,5165,14000,145.3,48.0,Profesional (licenciatura),68.6,100.0,100.0
1324,Directores y gerentes en centros de investigación y desarrollo tecnológico,sinco-1324,management,Funcionarios y directivos,"Funcionarios, directores y jefes",5068,30000,158.6,44.0,Profesional (licenciatura),100.0,54.1,54.1
2623,"Auxiliares y técnicos mineros, metalúrgicos y petroleros",sinco-2623,professional-technical,Profesionistas y técnicos,Profesionistas y técnicos,4941,16000,77.5,54.0,Profesional (licenciatura),90.1,100.0,100.0
1135,Directores de organizaciones civiles y religiosas,sinco-1135,management,Funcionarios y directivos,"Funcionarios, directores y jefes",4509,15000,67.2,45.0,Profesional (licenciatura),56.3,61.4,56.0
1624,Coordinadores y jefes de área en centros de investigación y desarrollo tecnológico,sinco-1624,management,Funcionarios y directivos,"Funcionarios, directores y jefes",4466,50000,247.4,40.0,Maestría,100.0,100.0,100.0
8322,Oficiales y marineros de cubierta y prácticos,sinco-8322,operators-drivers,Operadores y conductores,"Operadores de maquinaria industrial, ensambladores, choferes y conductores de transporte",4354,14000,62.3,56.0,Secundaria,11.3,67.2,67.2
5299,Otros trabajadores en servicios personales no clasificados anteriormente,sinco-5299,personal-services,Servicios personales y vigilancia,Trabajadores en servicios personales y vigilancia,4303,8600,44.4,40.0,Secundaria,3.0,11.7,14.7
8349,Otros conductores de transporte terrestre con motor no clasificados anteriormente,sinco-8349,operators-drivers,Operadores y conductores,"Operadores de maquinaria industrial, ensambladores, choferes y conductores de transporte",4259,14620,70.8,40.0,Secundaria,8.1,69.9,69.9
2551,"Locutores de radio, televisión y otros medios de comunicación",sinco-2551,professional-technical,Profesionistas y técnicos,Profesionistas y técnicos,4075,10000,64.6,36.0,Profesional (licenciatura),47.1,90.4,90.4
9634,Cuidadores de autos en la vía pública,sinco-9634,elementary-support,Actividades elementales,Trabajadores en actividades elementales y de apoyo,4038,7525,25.0,70.0,Primaria,0.0,0.0,0.0
2435,Profesionistas en medicina tradicional y alternativa,sinco-2435,professional-technical,Profesionistas y técnicos,Profesionistas y técnicos,4006,6450,214.3,8.0,Profesional (licenciatura),100.0,32.5,4.2
2611,"Auxiliares y técnicos en física, astronomía, matemáticas, estadística y actuaría",sinco-2611,professional-technical,Profesionistas y técnicos,Profesionistas y técnicos,3963,15000,72.9,45.0,Preparatoria,27.2,96.4,96.4
6222,"Caucheros, chicleros, resineros y similares",sinco-6222,agriculture,Agropecuario y pesca,"Trabajadores en actividades agrícolas, ganaderas, forestales, caza y pesca",3842,2580,37.5,15.0,Primaria,0.0,0.0,0.0
9312,Ayudantes de conductores de transporte en vías férreas,sinco-9312,elementary-support,Actividades elementales,Trabajadores en actividades elementales y de apoyo,3842,14000,67.8,48.0,Preparatoria,14.0,93.2,95.1
6129,"Otros trabajadores en actividades ganaderas y en la cría de animales, no clasificados anteriormente",sinco-6129,agriculture,Agropecuario y pesca,"Trabajadores en actividades agrícolas, ganaderas, forestales, caza y pesca",3789,5160,32.4,56.0,Secundaria,0.0,23.6,16.0
2254,"Ingenieros en minas, metalurgia y petróleo",sinco-2254,professional-technical,Profesionistas y técnicos,Profesionistas y técnicos,3757,20000,94.1,54.0,Profesional (licenciatura),100.0,100.0,95.4
2639,"Otras ocupaciones de mecánicos y técnicos en el mantenimiento y reparación de equipos mecánicos, vehículos de motor e instrumentos industriales, no clasificados anteriormente",sinco-2639,professional-technical,Profesionistas y técnicos,Profesionistas y técnicos,3678,12900,62.5,48.0,Primaria,7.5,83.6,83.4
2132,Investigadores y profesionistas en sociología y desarrollo social,sinco-2132,professional-technical,Profesionistas y técnicos,Profesionistas y técnicos,3664,19000,147.3,40.0,Profesional (licenciatura),100.0,72.4,69.5
2561,Deportistas,sinco-2561,professional-technical,Profesionistas y técnicos,Profesionistas y técnicos,3655,10000,83.1,28.0,Preparatoria,12.1,23.5,25.8
9212,"Trabajadores de apoyo en la extracción de petróleo, gas y agua",sinco-9212,elementary-support,Actividades elementales,Trabajadores en actividades elementales y de apoyo,3648,19600,69.8,54.0,Preparatoria,29.7,81.5,81.5
2431,Ingenieros biomédicos,sinco-2431,professional-technical,Profesionistas y técnicos,Profesionistas y técnicos,3622,14000,81.4,40.0,Profesional (licenciatura),100.0,81.4,87.7
2399,"Otros profesores y especialistas en docencia, no clasificados anteriormente",sinco-2399,professional-technical,Profesionistas y técnicos,Profesionistas y técnicos,3592,16000,93.0,30.0,Profesional (licenciatura),59.6,43.8,52.0
1131,Directores de organizaciones políticas,sinco-1131,management,Funcionarios y directivos,"Funcionarios, directores y jefes",3477,15000,87.2,40.0,Profesional (licenciatura),78.7,46.8,46.8
6213,Trabajadores en actividades de beneficio de productos pesqueros o acuícolas,sinco-6213,agriculture,Agropecuario y pesca,"Trabajadores en actividades agrícolas, ganaderas, forestales, caza y pesca",3359,6880,33.3,48.0,Primaria,17.1,35.3,32.7
1999,"Otros directores, funcionarios, gerentes, coordinadores y jefes de área, no clasificados anteriormente",sinco-1999,management,Funcionarios y directivos,"Funcionarios, directores y jefes",3260,10000,66.4,40.0,Profesional (licenciatura),55.5,43.3,51.8
2613,Auxiliares y técnicos en agronomía,sinco-2613,professional-technical,Profesionistas y técnicos,Profesionistas y técnicos,3249,13000,67.2,40.0,Profesional (licenciatura),60.7,80.2,73.0
2713,Instructores en estudios y capacitación comercial y administrativa,sinco-2713,professional-technical,Profesionistas y técnicos,Profesionistas y técnicos,3187,5160,75.0,27.0,Profesional (licenciatura),46.1,44.0,44.0
7113,Dinamiteros y buzos en perforación de pozos y en la construcción,sinco-7113,crafts-trades,Artesanos y oficios,Trabajadores artesanales,2975,12900,58.1,50.0,Secundaria,12.5,84.2,84.2
7401,"Supervisores de artesanos y trabajadores en la elaboración de productos de hule, caucho, plásticos y de sustancias químicas",sinco-7401,crafts-trades,Artesanos y oficios,Trabajadores artesanales,2952,8600,50.0,45.0,Primaria,22.5,68.0,40.3
7516,"Trabajadores en la elaboración de aceites, grasas, sal y especias",sinco-7516,crafts-trades,Artesanos y oficios,Trabajadores artesanales,2728,1505,87.5,4.0,Secundaria,0.0,0.0,0.0
2661,Controladores de tráfico aéreo,sinco-2661,professional-technical,Profesionistas y técnicos,Profesionistas y técnicos,2690,12857,41.5,48.0,Profesional (licenciatura),58.2,93.7,93.7
2341,Profesores de personas con problemas de audición y lenguaje,sinco-2341,professional-technical,Profesionistas y técnicos,Profesionistas y técnicos,2642,16000,148.8,25.0,Profesional (licenciatura),96.8,88.2,95.4
3112,"Taquígrafos, mecanógrafos y similares",sinco-3112,administrative-support,Auxiliares administrativos,Trabajadores auxiliares en actividades administrativas,2539,10000,58.1,40.0,Secundaria,49.9,34.9,34.9
7599,"Otros trabajadores relacionados con la elaboración y procesamiento de alimentos, bebidas y productos de tabaco, no clasificados anteriormente",sinco-7599,crafts-trades,Artesanos y oficios,Trabajadores artesanales,2514,11137,37.0,70.0,Preparatoria,6.0,8.6,8.6
9322,Conductores de transporte de tracción animal,sinco-9322,elementary-support,Actividades elementales,Trabajadores en actividades elementales y de apoyo,2504,8800,45.5,32.0,Preparatoria,0.0,42.9,42.9
2814,Técnicos y asistentes farmacéuticos,sinco-2814,professional-technical,Profesionistas y técnicos,Profesionistas y técnicos,2446,8600,40.0,40.0,Preparatoria,3.4,100.0,100.0
1629,"Otros coordinadores y jefes de área en informática, telecomunicaciones, transporte y en investigación y desarrollo tecnológico, no clasificados anteriormente",sinco-1629,management,Funcionarios y directivos,"Funcionarios, directores y jefes",2433,15000,87.2,40.0,Profesional (licenciatura),100.0,100.0,100.0
9664,Recolectores de otros materiales,sinco-9664,elementary-support,Actividades elementales,Trabajadores en actividades elementales y de apoyo,2248,6020,29.2,12.0,Secundaria,0.0,0.0,0.0
5401,"Supervisores de la Armada, Ejército y Fuerza Aérea",sinco-5401,personal-services,Servicios personales y vigilancia,Trabajadores en servicios personales y vigilancia,2180,20000,79.7,60.0,Profesional (licenciatura),47.8,100.0,100.0
7399,"Otros trabajadores relacionados con la elaboración de productos de madera, papel, textiles, cuero y piel, no clasificados anteriormente",sinco-7399,crafts-trades,Artesanos y oficios,Trabajadores artesanales,2159,4000,143.8,73.0,Preparatoria,36.6,9.1,9.1
1329,"Otros directores y gerentes en informática, telecomunicaciones, transporte y en investigación y desarrollo tecnológico, no clasificados anteriormente",sinco-1329,management,Funcionarios y directivos,"Funcionarios, directores y jefes",2076,,,60.0,Profesional (licenciatura),89.1,95.9,10.3
1612,"Coordinadores y jefes de área en producción minera, petrolera y gas",sinco-1612,management,Funcionarios y directivos,"Funcionarios, directores y jefes",2068,24000,116.3,46.0,Profesional (licenciatura),77.1,100.0,86.9
2233,"Profesionistas en forestación, silvicultura y similares",sinco-2233,professional-technical,Profesionistas y técnicos,Profesionistas y técnicos,2022,9000,46.5,45.0,Profesional (licenciatura),100.0,19.5,9.9
2136,"Economistas, consultores e investigadores en política económica",sinco-2136,professional-technical,Profesionistas y técnicos,Profesionistas y técnicos,1947,30000,139.5,45.0,Profesional (licenciatura),100.0,96.7,92.9
2434,Profesionistas en seguridad e higiene y salud pública,sinco-2434,professional-technical,Profesionistas y técnicos,Profesionistas y técnicos,1905,15000,90.7,40.0,Profesional (licenciatura),100.0,100.0,70.0
6231,"Trabajadores en actividades de caza, trampería y similares",sinco-6231,agriculture,Agropecuario y pesca,"Trabajadores en actividades agrícolas, ganaderas, forestales, caza y pesca",1887,7740,50.0,39.0,Primaria,0.0,0.0,0.0
2113,Profesionistas en hotelería y turismo,sinco-2113,professional-technical,Profesionistas y técnicos,Profesionistas y técnicos,1879,160000,620.2,48.0,Profesional (licenciatura),100.0,100.0,100.0
1111,Altas autoridades gubernamentales y jurisdiccionales,sinco-1111,management,Funcionarios y directivos,"Funcionarios, directores y jefes",1868,80000,,30.0,Doctorado,89.9,94.3,97.8
5411,Trabajadores de la Fuerza Aérea,sinco-5411,personal-services,Servicios personales y vigilancia,Trabajadores en servicios personales y vigilancia,1671,14000,46.5,70.0,Preparatoria,17.2,100.0,92.6
1312,"Directores y gerentes en producción minera, petrolera y gas",sinco-1312,management,Funcionarios y directivos,"Funcionarios, directores y jefes",1665,15050,58.3,51.0,Profesional (licenciatura),100.0,100.0,100.0
1619,"Otros coordinadores y jefes de área en producción agropecuaria, industrial, construcción y mantenimiento, no clasificados anteriormente",sinco-1619,management,Funcionarios y directivos,"Funcionarios, directores y jefes",1645,8000,36.5,50.0,Profesional (licenciatura),58.1,58.1,58.1
5319,Otros trabajadores en servicios de protección y vigilancia,sinco-5319,personal-services,Servicios personales y vigilancia,Trabajadores en servicios personales y vigilancia,1611,10000,43.8,48.0,Preparatoria,15.5,79.5,79.5
4999,"Otros comerciantes, empleados en ventas y agentes de ventas en establecimientos, no clasificados anteriormente",sinco-4999,sales,Comerciantes y ventas,"Comerciantes, empleados en ventas y agentes de ventas",1545,7770,45.2,24.0,Secundaria,3.9,19.0,19.0
9599,Otros vendedores ambulantes no clasificados anteriormente,sinco-9599,elementary-support,Actividades elementales,Trabajadores en actividades elementales y de apoyo,1534,17200,75.0,21.0,Preparatoria,15.9,1.8,1.8
7199,"Otros trabajadores relacionados con la extracción y la edificación de construcción, no clasificados anteriormente",sinco-7199,crafts-trades,Artesanos y oficios,Trabajadores artesanales,1528,12900,93.8,32.0,Primaria,0.0,5.0,7.4
6127,Trabajadores en la cría y cuidado de otro tipo de animales,sinco-6127,agriculture,Agropecuario y pesca,"Trabajadores en actividades agrícolas, ganaderas, forestales, caza y pesca",1444,7600,44.2,40.0,Profesional (licenciatura),42.0,65.3,61.9
2171,Compositores y arreglistas,sinco-2171,professional-technical,Profesionistas y técnicos,Profesionistas y técnicos,1420,12900,150.0,20.0,Profesional (licenciatura),65.9,46.5,0.0
5252,Trabajadoras y trabajadores sexuales,sinco-5252,personal-services,Servicios personales y vigilancia,Trabajadores en servicios personales y vigilancia,1298,10320,85.7,32.0,Preparatoria,0.0,0.0,0.0
9899,"Otros trabajadores en actividades elementales y de apoyo, no clasificados anteriormente",sinco-9899,elementary-support,Actividades elementales,Trabajadores en actividades elementales y de apoyo,1234,13760,48.6,45.0,Secundaria,7.0,49.4,49.4
8162,Operadores de máquinas en la elaboración de tabaco,sinco-8162,operators-drivers,Operadores y conductores,"Operadores de maquinaria industrial, ensambladores, choferes y conductores de transporte",1036,9890,47.9,48.0,Preparatoria,0.0,100.0,100.0
2427,Psiquiatras,sinco-2427,professional-technical,Profesionistas y técnicos,Profesionistas y técnicos,1034,26000,151.2,37.0,Maestría,100.0,70.0,38.7
2992,Otros técnicos no clasificados anteriormente,sinco-2992,professional-technical,Profesionistas y técnicos,Profesionistas y técnicos,1028,4000,22.1,48.0,Preparatoria,9.8,77.1,32.9
